resi,resn,name,x,y,z,i,resn_gbmr4,resn_liang2022
1,SER,N,85.004,70.646,28.964,0,POL,ST
1,SER,CA,86.204,71.22,29.64,1,POL,ST
1,SER,C,87.092,71.98,28.65,2,POL,ST
1,SER,O,88.284,72.18,28.901,3,POL,ST
1,SER,CB,87.012,70.102,30.313,4,POL,ST
1,SER,OG,86.233,69.428,31.289,5,POL,ST
2,SER,N,86.501,72.402,27.533,6,POL,ST
2,SER,CA,87.225,73.14,26.498,7,POL,ST
2,SER,C,86.288,73.592,25.386,8,POL,ST
2,SER,O,85.339,72.886,25.035,9,POL,ST
2,SER,CB,88.333,72.267,25.894,10,POL,ST
2,SER,OG,88.963,72.912,24.797,11,POL,ST
3,ASN,N,86.556,74.772,24.835,12,POL,N
3,ASN,CA,85.745,75.301,23.747,13,POL,N
3,ASN,C,86.491,75.091,22.439,14,POL,N
3,ASN,O,86.1,75.6,21.384,15,POL,N
3,ASN,CB,85.452,76.783,23.969,16,POL,N
3,ASN,CG,84.6,77.022,25.195,17,POL,N
3,ASN,OD1,85.042,76.807,26.326,18,POL,N
3,ASN,ND2,83.364,77.455,24.98,19,POL,N
4,THR,N,87.578,74.333,22.527,20,POL,ST
4,THR,CA,88.387,74.013,21.367,21,POL,ST
4,THR,C,87.97,72.624,20.909,22,POL,ST
4,THR,O,87.965,71.679,21.699,23,POL,ST
4,THR,CB,89.881,73.987,21.718,24,POL,ST
4,THR,OG1,90.272,75.263,22.237,25,POL,ST
4,THR,CG2,90.707,73.67,20.479,26,POL,ST
5,ARG,N,87.6,72.502,19.64,27,POL,RK
5,ARG,CA,87.189,71.213,19.111,28,POL,RK
5,ARG,C,88.429,70.356,18.884,29,POL,RK
5,ARG,O,89.528,70.88,18.705,30,POL,RK
5,ARG,CB,86.422,71.401,17.805,31,POL,RK
5,ARG,CG,85.181,72.266,17.936,32,POL,RK
5,ARG,CD,84.396,72.248,16.644,33,POL,RK
5,ARG,NE,83.891,70.907,16.362,34,POL,RK
5,ARG,CZ,83.729,70.399,15.141,35,POL,RK
5,ARG,NH1,84.033,71.12,14.065,36,POL,RK
5,ARG,NH2,83.269,69.16,14.996,37,POL,RK
6,VAL,N,88.256,69.039,18.897,38,HYP,IV
6,VAL,CA,89.391,68.143,18.714,39,HYP,IV
6,VAL,C,89.088,66.894,17.886,40,HYP,IV
6,VAL,O,88.042,66.259,18.045,41,HYP,IV
6,VAL,CB,89.973,67.73,20.092,42,HYP,IV
6,VAL,CG1,88.937,66.954,20.887,43,HYP,IV
6,VAL,CG2,91.247,66.927,19.903,44,HYP,IV
7,ALA,N,90.02,66.565,16.995,45,POL,A
7,ALA,CA,89.915,65.401,16.115,46,POL,A
7,ALA,C,91.023,64.41,16.462,47,POL,A
7,ALA,O,92.119,64.811,16.844,48,POL,A
7,ALA,CB,90.044,65.834,14.666,49,POL,A
8,LEU,N,90.745,63.118,16.32,50,HYP,L
8,LEU,CA,91.736,62.105,16.643,51,HYP,L
8,LEU,C,91.749,60.982,15.632,52,HYP,L
8,LEU,O,90.698,60.548,15.154,53,HYP,L
8,LEU,CB,91.466,61.537,18.034,54,HYP,L
8,LEU,CG,92.486,60.524,18.561,55,HYP,L
8,LEU,CD1,92.61,60.655,20.062,56,HYP,L
8,LEU,CD2,92.065,59.124,18.166,57,HYP,L
9,VAL,N,92.949,60.502,15.315,58,HYP,IV
9,VAL,CA,93.108,59.42,14.355,59,HYP,IV
9,VAL,C,93.984,58.305,14.919,60,HYP,IV
9,VAL,O,95.005,58.57,15.542,61,HYP,IV
9,VAL,CB,93.725,59.948,13.042,62,HYP,IV
9,VAL,CG1,93.76,58.852,11.995,63,HYP,IV
9,VAL,CG2,92.919,61.14,12.545,64,HYP,IV
10,THR,N,93.571,57.059,14.694,65,POL,ST
10,THR,CA,94.302,55.888,15.168,66,POL,ST
10,THR,C,95.23,55.366,14.072,67,POL,ST
10,THR,O,94.921,55.502,12.886,68,POL,ST
10,THR,CB,93.333,54.767,15.549,69,POL,ST
10,THR,OG1,92.643,54.327,14.375,70,POL,ST
10,THR,CG2,92.315,55.264,16.568,71,POL,ST
11,GLY,N,96.354,54.763,14.467,72,GLY,G
11,GLY,CA,97.312,54.249,13.495,73,GLY,G
11,GLY,C,97.673,55.332,12.491,74,GLY,G
11,GLY,O,97.506,55.167,11.284,75,GLY,G
12,ALA,N,98.19,56.447,12.99,76,POL,A
12,ALA,CA,98.506,57.562,12.117,77,POL,A
12,ALA,C,99.969,57.977,12.006,78,POL,A
12,ALA,O,100.257,59.102,11.607,79,POL,A
12,ALA,CB,97.659,58.767,12.523,80,POL,A
13,ASN,N,100.893,57.091,12.352,81,POL,N
13,ASN,CA,102.307,57.431,12.226,82,POL,N
13,ASN,C,102.742,57.25,10.762,83,POL,N
13,ASN,O,103.817,57.714,10.358,84,POL,N
13,ASN,CB,103.166,56.547,13.145,85,POL,N
13,ASN,CG,102.944,55.054,12.908,86,POL,N
13,ASN,OD1,101.974,54.476,13.392,87,POL,N
13,ASN,ND2,103.842,54.432,12.154,88,POL,N
14,LYS,N,101.899,56.577,9.976,89,POL,RK
14,LYS,CA,102.193,56.327,8.569,90,POL,RK
14,LYS,C,100.952,55.953,7.759,91,POL,RK
14,LYS,O,99.872,55.727,8.31,92,POL,RK
14,LYS,CB,103.212,55.199,8.434,93,POL,RK
14,LYS,CG,102.661,53.834,8.802,94,POL,RK
14,LYS,CD,103.637,52.703,8.454,95,POL,RK
14,LYS,CE,103.087,51.356,8.89,96,POL,RK
14,LYS,NZ,103.951,50.232,8.446,97,POL,RK
15,GLY,N,101.125,55.876,6.442,98,GLY,G
15,GLY,CA,100.025,55.517,5.565,99,GLY,G
15,GLY,C,98.861,56.496,5.512,100,GLY,G
15,GLY,O,99.001,57.705,5.736,101,GLY,G
16,ILE,N,97.694,55.953,5.201,102,HYP,IV
16,ILE,CA,96.476,56.729,5.1,103,HYP,IV
16,ILE,C,96.2,57.519,6.372,104,HYP,IV
16,ILE,O,95.788,58.685,6.309,105,HYP,IV
16,ILE,CB,95.286,55.802,4.792,106,HYP,IV
16,ILE,CG1,95.58,55.014,3.507,107,HYP,IV
16,ILE,CG2,94.006,56.619,4.658,108,HYP,IV
16,ILE,CD1,94.583,53.928,3.184,109,HYP,IV
17,GLY,N,96.429,56.887,7.521,110,GLY,G
17,GLY,CA,96.194,57.551,8.79,111,GLY,G
17,GLY,C,97.0,58.829,8.904,112,GLY,G
17,GLY,O,96.513,59.863,9.376,113,GLY,G
18,PHE,N,98.249,58.752,8.466,114,HYP,FY
18,PHE,CA,99.142,59.896,8.488,115,HYP,FY
18,PHE,C,98.582,60.982,7.564,116,HYP,FY
18,PHE,O,98.454,62.151,7.953,117,HYP,FY
18,PHE,CB,100.527,59.467,8.019,118,HYP,FY
18,PHE,CG,101.522,60.583,7.974,119,HYP,FY
18,PHE,CD1,102.02,61.135,9.145,120,HYP,FY
18,PHE,CD2,101.972,61.079,6.753,121,HYP,FY
18,PHE,CE1,102.957,62.165,9.106,122,HYP,FY
18,PHE,CE2,102.908,62.109,6.701,123,HYP,FY
18,PHE,CZ,103.402,62.652,7.884,124,HYP,FY
19,ALA,N,98.243,60.584,6.342,125,POL,A
19,ALA,CA,97.687,61.507,5.355,126,POL,A
19,ALA,C,96.474,62.238,5.911,127,POL,A
19,ALA,O,96.315,63.445,5.705,128,POL,A
19,ALA,CB,97.289,60.746,4.08,129,POL,A
20,ILE,N,95.615,61.493,6.606,130,HYP,IV
20,ILE,CA,94.398,62.052,7.193,131,HYP,IV
20,ILE,C,94.69,63.169,8.209,132,HYP,IV
20,ILE,O,94.033,64.208,8.211,133,HYP,IV
20,ILE,CB,93.556,60.922,7.852,134,HYP,IV
20,ILE,CG1,93.006,59.995,6.766,135,HYP,IV
20,ILE,CG2,92.427,61.511,8.702,136,HYP,IV
20,ILE,CD1,92.191,58.825,7.301,137,HYP,IV
21,VAL,N,95.681,62.963,9.068,138,HYP,IV
21,VAL,CA,96.029,63.978,10.063,139,HYP,IV
21,VAL,C,96.555,65.246,9.385,140,HYP,IV
21,VAL,O,96.323,66.363,9.857,141,HYP,IV
21,VAL,CB,97.09,63.454,11.051,142,HYP,IV
21,VAL,CG1,97.463,64.552,12.041,143,HYP,IV
21,VAL,CG2,96.554,62.228,11.783,144,HYP,IV
22,ARG,N,97.258,65.074,8.272,145,POL,RK
22,ARG,CA,97.775,66.23,7.562,146,POL,RK
22,ARG,C,96.613,67.092,7.092,147,POL,RK
22,ARG,O,96.575,68.29,7.365,148,POL,RK
22,ARG,CB,98.613,65.802,6.36,149,POL,RK
22,ARG,CG,99.007,66.961,5.458,150,POL,RK
22,ARG,CD,99.745,66.475,4.227,151,POL,RK
22,ARG,NE,101.13,66.108,4.512,152,POL,RK
22,ARG,CZ,101.713,64.991,4.083,153,POL,RK
22,ARG,NH1,101.026,64.115,3.356,154,POL,RK
22,ARG,NH2,102.992,64.764,4.356,155,POL,RK
23,ASP,N,95.664,66.477,6.393,156,POL,DE
23,ASP,CA,94.507,67.204,5.885,157,POL,DE
23,ASP,C,93.666,67.84,6.982,158,POL,DE
23,ASP,O,93.074,68.895,6.774,159,POL,DE
23,ASP,CB,93.613,66.291,5.045,160,POL,DE
23,ASP,CG,94.173,66.032,3.66,161,POL,DE
23,ASP,OD1,93.441,65.432,2.838,162,POL,DE
23,ASP,OD2,95.334,66.42,3.388,163,POL,DE
24,LEU,N,93.596,67.195,8.143,164,HYP,L
24,LEU,CA,92.822,67.742,9.244,165,HYP,L
24,LEU,C,93.524,68.974,9.802,166,HYP,L
24,LEU,O,92.886,69.991,10.085,167,HYP,L
24,LEU,CB,92.638,66.702,10.354,168,HYP,L
24,LEU,CG,91.701,65.515,10.11,169,HYP,L
24,LEU,CD1,91.561,64.734,11.405,170,HYP,L
24,LEU,CD2,90.337,65.994,9.638,171,HYP,L
25,CYS,N,94.84,68.88,9.967,172,HYP,C
25,CYS,CA,95.61,70.007,10.476,173,HYP,C
25,CYS,C,95.363,71.208,9.589,174,HYP,C
25,CYS,O,95.449,72.348,10.033,175,HYP,C
25,CYS,CB,97.102,69.689,10.482,176,HYP,C
25,CYS,SG,97.626,68.62,11.826,177,HYP,C
26,ARG,N,95.044,70.939,8.328,178,POL,RK
26,ARG,CA,94.786,71.997,7.364,179,POL,RK
26,ARG,C,93.336,72.466,7.317,180,POL,RK
26,ARG,O,93.067,73.667,7.354,181,POL,RK
26,ARG,CB,95.187,71.542,5.96,182,POL,RK
26,ARG,CG,96.673,71.336,5.742,183,POL,RK
26,ARG,CD,96.92,70.784,4.341,184,POL,RK
26,ARG,NE,98.338,70.569,4.065,185,POL,RK
26,ARG,CZ,99.238,71.543,3.938,186,POL,RK
26,ARG,NH1,98.87,72.816,4.06,187,POL,RK
26,ARG,NH2,100.51,71.244,3.69,188,POL,RK
27,GLN,N,92.402,71.522,7.242,189,POL,Q
27,GLN,CA,90.988,71.865,7.126,190,POL,Q
27,GLN,C,90.121,71.863,8.379,191,POL,Q
27,GLN,O,88.991,72.336,8.335,192,POL,Q
27,GLN,CB,90.348,70.954,6.081,193,POL,Q
27,GLN,CG,91.148,70.867,4.789,194,POL,Q
27,GLN,CD,90.549,69.891,3.795,195,POL,Q
27,GLN,OE1,89.472,70.126,3.24,196,POL,Q
27,GLN,NE2,91.245,68.781,3.568,197,POL,Q
28,PHE,N,90.626,71.347,9.492,198,HYP,FY
28,PHE,CA,89.829,71.296,10.717,199,HYP,FY
28,PHE,C,90.113,72.469,11.648,200,HYP,FY
28,PHE,O,91.272,72.797,11.908,201,HYP,FY
28,PHE,CB,90.087,69.967,11.443,202,HYP,FY
28,PHE,CG,89.228,69.749,12.664,203,HYP,FY
28,PHE,CD1,89.74,69.961,13.94,204,HYP,FY
28,PHE,CD2,87.915,69.308,12.537,205,HYP,FY
28,PHE,CE1,88.96,69.733,15.073,206,HYP,FY
28,PHE,CE2,87.126,69.078,13.669,207,HYP,FY
28,PHE,CZ,87.654,69.291,14.938,208,HYP,FY
29,ALA,N,89.049,73.103,12.141,209,POL,A
29,ALA,CA,89.182,74.234,13.054,210,POL,A
29,ALA,C,89.283,73.728,14.491,211,POL,A
29,ALA,O,88.284,73.648,15.209,212,POL,A
29,ALA,CB,87.987,75.175,12.909,213,POL,A
30,GLY,N,90.502,73.387,14.895,214,GLY,G
30,GLY,CA,90.735,72.876,16.23,215,GLY,G
30,GLY,C,91.964,71.985,16.235,216,GLY,G
30,GLY,O,92.611,71.823,15.206,217,GLY,G
31,ASP,N,92.281,71.409,17.391,218,POL,DE
31,ASP,CA,93.44,70.537,17.536,219,POL,DE
31,ASP,C,93.232,69.167,16.913,220,POL,DE
31,ASP,O,92.14,68.603,16.968,221,POL,DE
31,ASP,CB,93.785,70.355,19.016,222,POL,DE
31,ASP,CG,94.473,71.566,19.611,223,POL,DE
31,ASP,OD1,94.766,71.545,20.825,224,POL,DE
31,ASP,OD2,94.731,72.534,18.866,225,POL,DE
32,VAL,N,94.294,68.643,16.315,226,HYP,IV
32,VAL,CA,94.256,67.324,15.706,227,HYP,IV
32,VAL,C,95.244,66.447,16.473,228,HYP,IV
32,VAL,O,96.421,66.777,16.583,229,HYP,IV
32,VAL,CB,94.673,67.371,14.228,230,HYP,IV
32,VAL,CG1,94.561,65.982,13.618,231,HYP,IV
32,VAL,CG2,93.803,68.359,13.473,232,HYP,IV
33,VAL,N,94.76,65.336,17.014,233,HYP,IV
33,VAL,CA,95.62,64.438,17.766,234,HYP,IV
33,VAL,C,96.041,63.22,16.947,235,HYP,IV
33,VAL,O,95.205,62.422,16.533,236,HYP,IV
33,VAL,CB,94.92,63.95,19.056,237,HYP,IV
33,VAL,CG1,95.811,62.952,19.791,238,HYP,IV
33,VAL,CG2,94.607,65.136,19.952,239,HYP,IV
34,LEU,N,97.342,63.095,16.705,240,HYP,L
34,LEU,CA,97.886,61.96,15.966,241,HYP,L
34,LEU,C,98.215,60.908,17.021,242,HYP,L
34,LEU,O,98.754,61.24,18.073,243,HYP,L
34,LEU,CB,99.169,62.363,15.222,244,HYP,L
34,LEU,CG,99.852,61.348,14.279,245,HYP,L
34,LEU,CD1,100.839,62.079,13.399,246,HYP,L
34,LEU,CD2,100.567,60.252,15.051,247,HYP,L
35,THR,N,97.869,59.651,16.768,248,POL,ST
35,THR,CA,98.187,58.6,17.726,249,POL,ST
35,THR,C,98.882,57.454,17.013,250,POL,ST
35,THR,O,98.724,57.268,15.798,251,POL,ST
35,THR,CB,96.928,58.046,18.47,252,POL,ST
35,THR,OG1,96.163,57.216,17.593,253,POL,ST
35,THR,CG2,96.049,59.189,18.98,254,POL,ST
36,ALA,N,99.655,56.694,17.781,255,POL,A
36,ALA,CA,100.398,55.555,17.268,256,POL,A
36,ALA,C,100.763,54.654,18.446,257,POL,A
36,ALA,O,100.944,55.142,19.565,258,POL,A
36,ALA,CB,101.666,56.04,16.56,259,POL,A
37,ARG,N,100.858,53.347,18.209,260,POL,RK
37,ARG,CA,101.221,52.425,19.285,261,POL,RK
37,ARG,C,102.704,52.568,19.674,262,POL,RK
37,ARG,O,103.064,52.308,20.819,263,POL,RK
37,ARG,CB,100.916,50.985,18.882,264,POL,RK
37,ARG,CG,101.553,50.581,17.588,265,POL,RK
37,ARG,CD,101.289,49.129,17.287,266,POL,RK
37,ARG,NE,101.618,48.813,15.901,267,POL,RK
37,ARG,CZ,101.55,47.59,15.384,268,POL,RK
37,ARG,NH1,101.856,47.384,14.11,269,POL,RK
37,ARG,NH2,101.178,46.573,16.148,270,POL,RK
38,ASP,N,103.554,52.976,18.729,271,POL,DE
38,ASP,CA,104.977,53.183,19.003,272,POL,DE
38,ASP,C,105.218,54.686,19.159,273,POL,DE
38,ASP,O,104.916,55.463,18.253,274,POL,DE
38,ASP,CB,105.842,52.666,17.852,275,POL,DE
38,ASP,CG,107.335,52.721,18.172,276,POL,DE
38,ASP,OD1,107.883,51.699,18.64,277,POL,DE
38,ASP,OD2,107.956,53.788,17.971,278,POL,DE
39,VAL,N,105.762,55.099,20.299,279,HYP,IV
39,VAL,CA,106.01,56.522,20.535,280,HYP,IV
39,VAL,C,107.048,57.16,19.605,281,HYP,IV
39,VAL,O,106.83,58.258,19.093,282,HYP,IV
39,VAL,CB,106.449,56.793,21.991,283,HYP,IV
39,VAL,CG1,106.695,58.275,22.174,284,HYP,IV
39,VAL,CG2,105.386,56.309,22.957,285,HYP,IV
40,ALA,N,108.166,56.479,19.386,286,POL,A
40,ALA,CA,109.221,57.008,18.522,287,POL,A
40,ALA,C,108.714,57.208,17.101,288,POL,A
40,ALA,O,108.93,58.254,16.491,289,POL,A
40,ALA,CB,110.418,56.065,18.515,290,POL,A
41,ARG,N,108.048,56.185,16.58,291,POL,RK
41,ARG,CA,107.483,56.213,15.24,292,POL,RK
41,ARG,C,106.456,57.345,15.208,293,POL,RK
41,ARG,O,106.413,58.145,14.276,294,POL,RK
41,ARG,CB,106.815,54.865,14.956,295,POL,RK
41,ARG,CG,107.002,54.35,13.545,296,POL,RK
41,ARG,CD,107.394,52.883,13.538,297,POL,RK
41,ARG,NE,106.342,52.0,14.029,298,POL,RK
41,ARG,CZ,106.549,50.996,14.883,299,POL,RK
41,ARG,NH1,107.769,50.752,15.35,300,POL,RK
41,ARG,NH2,105.542,50.222,15.263,301,POL,RK
42,GLY,N,105.645,57.414,16.259,302,GLY,G
42,GLY,CA,104.625,58.441,16.366,303,GLY,G
42,GLY,C,105.136,59.871,16.443,304,GLY,G
42,GLY,O,104.602,60.751,15.763,305,GLY,G
43,GLN,N,106.154,60.116,17.268,306,POL,Q
43,GLN,CA,106.706,61.466,17.399,307,POL,Q
43,GLN,C,107.423,61.918,16.14,308,POL,Q
43,GLN,O,107.361,63.088,15.764,309,POL,Q
43,GLN,CB,107.648,61.538,18.591,310,POL,Q
43,GLN,CG,106.898,61.671,19.895,311,POL,Q
43,GLN,CD,107.799,61.576,21.102,312,POL,Q
43,GLN,OE1,107.326,61.643,22.238,313,POL,Q
43,GLN,NE2,109.107,61.417,20.868,314,POL,Q
44,ALA,N,108.107,60.977,15.498,315,POL,A
44,ALA,CA,108.812,61.252,14.261,316,POL,A
44,ALA,C,107.794,61.783,13.252,317,POL,A
44,ALA,O,108.024,62.799,12.596,318,POL,A
44,ALA,CB,109.457,59.977,13.747,319,POL,A
45,ALA,N,106.66,61.097,13.146,320,POL,A
45,ALA,CA,105.601,61.5,12.228,321,POL,A
45,ALA,C,105.136,62.915,12.528,322,POL,A
45,ALA,O,104.871,63.681,11.607,323,POL,A
45,ALA,CB,104.419,60.531,12.316,324,POL,A
46,VAL,N,105.027,63.25,13.816,325,HYP,IV
46,VAL,CA,104.599,64.583,14.245,326,HYP,IV
46,VAL,C,105.622,65.614,13.79,327,HYP,IV
46,VAL,O,105.272,66.658,13.235,328,HYP,IV
46,VAL,CB,104.492,64.689,15.783,329,HYP,IV
46,VAL,CG1,104.091,66.102,16.181,330,HYP,IV
46,VAL,CG2,103.488,63.681,16.311,331,HYP,IV
47,LYS,N,106.89,65.311,14.043,332,POL,RK
47,LYS,CA,107.994,66.187,13.665,333,POL,RK
47,LYS,C,107.945,66.475,12.17,334,POL,RK
47,LYS,O,108.072,67.625,11.742,335,POL,RK
47,LYS,CB,109.329,65.524,14.026,336,POL,RK
47,LYS,CG,110.56,66.412,13.865,337,POL,RK
47,LYS,CD,111.792,65.768,14.504,338,POL,RK
47,LYS,CE,113.027,66.665,14.391,339,POL,RK
47,LYS,NZ,114.207,66.108,15.137,340,POL,RK
48,GLN,N,107.748,65.427,11.378,341,POL,Q
48,GLN,CA,107.694,65.588,9.938,342,POL,Q
48,GLN,C,106.592,66.548,9.511,343,POL,Q
48,GLN,O,106.752,67.298,8.547,344,POL,Q
48,GLN,CB,107.482,64.242,9.255,345,POL,Q
48,GLN,CG,107.704,64.318,7.753,346,POL,Q
48,GLN,CD,107.426,63.01,7.048,347,POL,Q
48,GLN,OE1,107.974,61.964,7.41,348,POL,Q
48,GLN,NE2,106.574,63.06,6.026,349,POL,Q
49,LEU,N,105.47,66.524,10.221,350,HYP,L
49,LEU,CA,104.366,67.407,9.882,351,HYP,L
49,LEU,C,104.629,68.834,10.338,352,HYP,L
49,LEU,O,104.127,69.79,9.745,353,HYP,L
49,LEU,CB,103.059,66.893,10.49,354,HYP,L
49,LEU,CG,102.358,65.763,9.728,355,HYP,L
49,LEU,CD1,101.061,65.406,10.437,356,HYP,L
49,LEU,CD2,102.069,66.198,8.296,357,HYP,L
50,GLN,N,105.416,68.98,11.397,358,POL,Q
50,GLN,CA,105.735,70.305,11.901,359,POL,Q
50,GLN,C,106.564,71.027,10.841,360,POL,Q
50,GLN,O,106.493,72.248,10.7,361,POL,Q
50,GLN,CB,106.512,70.194,13.215,362,POL,Q
50,GLN,CG,105.837,69.287,14.236,363,POL,Q
50,GLN,CD,106.329,69.513,15.655,364,POL,Q
50,GLN,OE1,106.102,70.57,16.236,365,POL,Q
50,GLN,NE2,107.008,68.519,16.219,366,POL,Q
51,ALA,N,107.328,70.247,10.082,367,POL,A
51,ALA,CA,108.177,70.768,9.021,368,POL,A
51,ALA,C,107.356,71.285,7.845,369,POL,A
51,ALA,O,107.914,71.752,6.852,370,POL,A
51,ALA,CB,109.136,69.679,8.545,371,POL,A
52,GLU,N,106.034,71.192,7.946,372,POL,DE
52,GLU,CA,105.159,71.663,6.873,373,POL,DE
52,GLU,C,104.327,72.842,7.35,374,POL,DE
52,GLU,O,103.486,73.352,6.614,375,POL,DE
52,GLU,CB,104.207,70.558,6.409,376,POL,DE
52,GLU,CG,104.86,69.241,6.071,377,POL,DE
52,GLU,CD,103.906,68.304,5.359,378,POL,DE
52,GLU,OE1,104.242,67.109,5.202,379,POL,DE
52,GLU,OE2,102.82,68.766,4.943,380,POL,DE
53,GLY,N,104.565,73.261,8.588,381,GLY,G
53,GLY,CA,103.825,74.369,9.16,382,GLY,G
53,GLY,C,102.708,73.859,10.048,383,GLY,G
53,GLY,O,102.114,74.613,10.819,384,GLY,G
54,LEU,N,102.431,72.563,9.938,385,HYP,L
54,LEU,CA,101.382,71.921,10.715,386,HYP,L
54,LEU,C,101.844,71.617,12.136,387,HYP,L
54,LEU,O,103.029,71.39,12.375,388,HYP,L
54,LEU,CB,100.956,70.629,10.021,389,HYP,L
54,LEU,CG,100.5,70.809,8.571,390,HYP,L
54,LEU,CD1,100.178,69.454,7.945,391,HYP,L
54,LEU,CD2,99.283,71.725,8.54,392,HYP,L
55,SER,N,100.906,71.616,13.078,393,POL,ST
55,SER,CA,101.247,71.329,14.463,394,POL,ST
55,SER,C,100.207,70.463,15.173,395,POL,ST
55,SER,O,99.344,70.962,15.898,396,POL,ST
55,SER,CB,101.46,72.63,15.241,397,POL,ST
55,SER,OG,100.305,73.449,15.2,398,POL,ST
56,PRO,N,100.279,69.142,14.967,399,PRO,P
56,PRO,CA,99.342,68.209,15.597,400,PRO,P
56,PRO,C,99.883,67.763,16.956,401,PRO,P
56,PRO,O,101.091,67.808,17.187,402,PRO,P
56,PRO,CB,99.303,67.062,14.604,403,PRO,P
56,PRO,CG,100.755,66.99,14.179,404,PRO,P
56,PRO,CD,101.116,68.452,13.967,405,PRO,P
57,ARG,N,98.997,67.348,17.856,406,POL,RK
57,ARG,CA,99.439,66.871,19.164,407,POL,RK
57,ARG,C,99.632,65.36,19.099,408,POL,RK
57,ARG,O,99.036,64.689,18.261,409,POL,RK
57,ARG,CB,98.414,67.202,20.254,410,POL,RK
57,ARG,CG,98.25,68.682,20.528,411,POL,RK
57,ARG,CD,97.405,68.927,21.772,412,POL,RK
57,ARG,NE,98.142,68.625,22.999,413,POL,RK
57,ARG,CZ,97.595,68.573,24.21,414,POL,RK
57,ARG,NH1,96.299,68.797,24.367,415,POL,RK
57,ARG,NH2,98.346,68.303,25.265,416,POL,RK
58,PHE,N,100.467,64.818,19.975,417,HYP,FY
58,PHE,CA,100.675,63.385,19.968,418,HYP,FY
58,PHE,C,100.241,62.692,21.248,419,HYP,FY
58,PHE,O,100.26,63.272,22.328,420,HYP,FY
58,PHE,CB,102.141,63.033,19.723,421,HYP,FY
58,PHE,CG,102.423,61.558,19.83,422,HYP,FY
58,PHE,CD1,102.023,60.686,18.824,423,HYP,FY
58,PHE,CD2,103.002,61.029,20.981,424,HYP,FY
58,PHE,CE1,102.189,59.307,18.964,425,HYP,FY
58,PHE,CE2,103.172,59.65,21.132,426,HYP,FY
58,PHE,CZ,102.763,58.79,20.123,427,HYP,FY
59,HIS,N,99.838,61.437,21.093,428,HYP,H
59,HIS,CA,99.462,60.598,22.203,429,HYP,H
59,HIS,C,99.56,59.141,21.769,430,HYP,H
59,HIS,O,99.11,58.767,20.681,431,HYP,H
59,HIS,CB,98.06,60.916,22.706,432,HYP,H
59,HIS,CG,97.822,60.424,24.098,433,HYP,H
59,HIS,ND1,97.718,59.084,24.401,434,HYP,H
59,HIS,CD2,97.786,61.083,25.279,435,HYP,H
59,HIS,CE1,97.631,58.937,25.711,436,HYP,H
59,HIS,NE2,97.672,60.135,26.267,437,HYP,H
60,GLN,N,100.175,58.33,22.625,438,POL,Q
60,GLN,CA,100.368,56.912,22.355,439,POL,Q
60,GLN,C,99.038,56.19,22.357,440,POL,Q
60,GLN,O,98.122,56.586,23.079,441,POL,Q
60,GLN,CB,101.293,56.305,23.414,442,POL,Q
60,GLN,CG,101.69,54.841,23.187,443,POL,Q
60,GLN,CD,100.587,53.875,23.544,444,POL,Q
60,GLN,OE1,99.845,54.098,24.498,445,POL,Q
60,GLN,NE2,100.479,52.785,22.791,446,POL,Q
61,LEU,N,98.934,55.145,21.536,447,HYP,L
61,LEU,CA,97.712,54.347,21.453,448,HYP,L
61,LEU,C,97.808,53.06,20.652,449,HYP,L
61,LEU,O,97.985,53.064,19.436,450,HYP,L
61,LEU,CB,96.539,55.159,20.89,451,HYP,L
61,LEU,CG,95.263,54.311,20.756,452,HYP,L
61,LEU,CD1,94.817,53.843,22.13,453,HYP,L
61,LEU,CD2,94.163,55.112,20.084,454,HYP,L
62,ASP,N,97.675,51.957,21.368,455,POL,DE
62,ASP,CA,97.686,50.639,20.788,456,POL,DE
62,ASP,C,96.246,50.192,21.056,457,POL,DE
62,ASP,O,95.875,49.937,22.207,458,POL,DE
62,ASP,CB,98.679,49.754,21.541,459,POL,DE
62,ASP,CG,98.944,48.455,20.833,460,POL,DE
62,ASP,OD1,97.982,47.882,20.279,461,POL,DE
62,ASP,OD2,100.109,48.004,20.839,462,POL,DE
63,ILE,N,95.434,50.116,20.002,463,HYP,IV
63,ILE,CA,94.021,49.749,20.144,464,HYP,IV
63,ILE,C,93.766,48.342,20.65,465,HYP,IV
63,ILE,O,92.613,47.922,20.762,466,HYP,IV
63,ILE,CB,93.248,49.909,18.816,467,HYP,IV
63,ILE,CG1,93.638,48.796,17.839,468,HYP,IV
63,ILE,CG2,93.533,51.283,18.217,469,HYP,IV
63,ILE,CD1,92.763,48.751,16.592,470,HYP,IV
64,ILE,N,94.843,47.621,20.945,471,HYP,IV
64,ILE,CA,94.753,46.263,21.437,472,HYP,IV
64,ILE,C,94.972,46.232,22.947,473,HYP,IV
64,ILE,O,94.583,45.276,23.627,474,HYP,IV
64,ILE,CB,95.787,45.368,20.715,475,HYP,IV
64,ILE,CG1,95.284,45.069,19.31,476,HYP,IV
64,ILE,CG2,96.005,44.069,21.455,477,HYP,IV
64,ILE,CD1,93.878,44.519,19.295,478,HYP,IV
65,ASP,N,95.595,47.283,23.468,479,POL,DE
65,ASP,CA,95.846,47.375,24.898,480,POL,DE
65,ASP,C,94.705,48.179,25.504,481,POL,DE
65,ASP,O,94.677,49.413,25.406,482,POL,DE
65,ASP,CB,97.173,48.083,25.175,483,POL,DE
65,ASP,CG,97.572,48.029,26.646,484,POL,DE
65,ASP,OD1,96.678,48.046,27.516,485,POL,DE
65,ASP,OD2,98.787,47.987,26.934,486,POL,DE
66,LEU,N,93.771,47.468,26.128,487,HYP,L
66,LEU,CA,92.608,48.086,26.752,488,HYP,L
66,LEU,C,93.021,49.2,27.713,489,HYP,L
66,LEU,O,92.34,50.222,27.828,490,HYP,L
66,LEU,CB,91.8,47.021,27.484,491,HYP,L
66,LEU,CG,90.285,47.198,27.416,492,HYP,L
66,LEU,CD1,89.617,45.864,27.719,493,HYP,L
66,LEU,CD2,89.839,48.281,28.389,494,HYP,L
67,GLN,N,94.146,49.002,28.389,495,POL,Q
67,GLN,CA,94.666,49.999,29.309,496,POL,Q
67,GLN,C,95.169,51.229,28.536,497,POL,Q
67,GLN,O,95.07,52.369,29.013,498,POL,Q
67,GLN,CB,95.798,49.394,30.151,499,POL,Q
67,GLN,CG,96.383,50.355,31.187,500,POL,Q
67,GLN,CD,96.989,49.636,32.384,501,POL,Q
67,GLN,OE1,96.285,48.953,33.14,502,POL,Q
67,GLN,NE2,98.301,49.784,32.565,503,POL,Q
68,SER,N,95.703,51.002,27.339,504,POL,ST
68,SER,CA,96.193,52.108,26.536,505,POL,ST
68,SER,C,95.017,52.99,26.144,506,POL,ST
68,SER,O,95.103,54.219,26.197,507,POL,ST
68,SER,CB,96.9,51.592,25.285,508,POL,ST
68,SER,OG,97.321,52.671,24.471,509,POL,ST
69,ILE,N,93.914,52.346,25.764,510,HYP,IV
69,ILE,CA,92.695,53.044,25.362,511,HYP,IV
69,ILE,C,92.13,53.9,26.496,512,HYP,IV
69,ILE,O,91.801,55.069,26.295,513,HYP,IV
69,ILE,CB,91.611,52.042,24.907,514,HYP,IV
69,ILE,CG1,92.05,51.344,23.618,515,HYP,IV
69,ILE,CG2,90.291,52.757,24.693,516,HYP,IV
69,ILE,CD1,91.094,50.262,23.138,517,HYP,IV
70,ARG,N,92.019,53.316,27.683,518,POL,RK
70,ARG,CA,91.493,54.042,28.833,519,POL,RK
70,ARG,C,92.288,55.308,29.158,520,POL,RK
70,ARG,O,91.704,56.335,29.519,521,POL,RK
70,ARG,CB,91.449,53.131,30.065,522,POL,RK
70,ARG,CG,90.195,52.268,30.165,523,POL,RK
70,ARG,CD,90.02,51.739,31.595,524,POL,RK
70,ARG,NE,88.618,51.465,31.928,525,POL,RK
70,ARG,CZ,87.899,50.461,31.426,526,POL,RK
70,ARG,NH1,88.44,49.608,30.559,527,POL,RK
70,ARG,NH2,86.628,50.319,31.781,528,POL,RK
71,ALA,N,93.613,55.229,29.031,529,POL,A
71,ALA,CA,94.481,56.37,29.312,530,POL,A
71,ALA,C,94.19,57.507,28.336,531,POL,A
71,ALA,O,94.189,58.681,28.717,532,POL,A
71,ALA,CB,95.948,55.957,29.219,533,POL,A
72,LEU,N,93.952,57.156,27.075,534,HYP,L
72,LEU,CA,93.637,58.159,26.072,535,HYP,L
72,LEU,C,92.366,58.877,26.512,536,HYP,L
72,LEU,O,92.293,60.1,26.436,537,HYP,L
72,LEU,CB,93.427,57.512,24.697,538,HYP,L
72,LEU,CG,92.993,58.436,23.55,539,HYP,L
72,LEU,CD1,93.976,59.591,23.375,540,HYP,L
72,LEU,CD2,92.893,57.62,22.277,541,HYP,L
73,CYS,N,91.375,58.112,26.974,542,HYP,C
73,CYS,CA,90.114,58.685,27.443,543,HYP,C
73,CYS,C,90.403,59.72,28.498,544,HYP,C
73,CYS,O,89.887,60.835,28.442,545,HYP,C
73,CYS,CB,89.216,57.618,28.055,546,HYP,C
73,CYS,SG,88.493,56.513,26.858,547,HYP,C
74,ASP,N,91.227,59.335,29.468,548,POL,DE
74,ASP,CA,91.616,60.223,30.553,549,POL,DE
74,ASP,C,92.185,61.498,29.954,550,POL,DE
74,ASP,O,91.751,62.602,30.283,551,POL,DE
74,ASP,CB,92.669,59.549,31.438,552,POL,DE
74,ASP,CG,92.102,58.389,32.243,553,POL,DE
74,ASP,OD1,92.899,57.663,32.883,554,POL,DE
74,ASP,OD2,90.863,58.208,32.246,555,POL,DE
75,PHE,N,93.157,61.335,29.066,556,HYP,FY
75,PHE,CA,93.792,62.468,28.411,557,HYP,FY
75,PHE,C,92.749,63.395,27.812,558,HYP,FY
75,PHE,O,92.724,64.589,28.095,559,HYP,FY
75,PHE,CB,94.734,61.974,27.308,560,HYP,FY
75,PHE,CG,95.279,63.071,26.432,561,HYP,FY
75,PHE,CD1,96.095,64.066,26.961,562,HYP,FY
75,PHE,CD2,94.983,63.101,25.072,563,HYP,FY
75,PHE,CE1,96.611,65.077,26.146,564,HYP,FY
75,PHE,CE2,95.494,64.107,24.249,565,HYP,FY
75,PHE,CZ,96.309,65.095,24.785,566,HYP,FY
76,LEU,N,91.881,62.831,26.983,567,HYP,L
76,LEU,CA,90.845,63.6,26.32,568,HYP,L
76,LEU,C,89.927,64.306,27.302,569,HYP,L
76,LEU,O,89.73,65.519,27.228,570,HYP,L
76,LEU,CB,90.03,62.682,25.416,571,HYP,L
76,LEU,CG,90.817,62.128,24.23,572,HYP,L
76,LEU,CD1,89.976,61.115,23.468,573,HYP,L
76,LEU,CD2,91.231,63.285,23.332,574,HYP,L
77,ARG,N,89.371,63.53,28.222,575,POL,RK
77,ARG,CA,88.459,64.043,29.227,576,POL,RK
77,ARG,C,89.016,65.297,29.882,577,POL,RK
77,ARG,O,88.377,66.347,29.897,578,POL,RK
77,ARG,CB,88.222,62.965,30.279,579,POL,RK
77,ARG,CG,87.047,63.222,31.183,580,POL,RK
77,ARG,CD,86.185,61.984,31.253,581,POL,RK
77,ARG,NE,86.986,60.803,31.553,582,POL,RK
77,ARG,CZ,86.573,59.555,31.357,583,POL,RK
77,ARG,NH1,87.372,58.533,31.658,584,POL,RK
77,ARG,NH2,85.363,59.331,30.851,585,POL,RK
78,LYS,N,90.226,65.179,30.409,586,POL,RK
78,LYS,CA,90.876,66.286,31.079,587,POL,RK
78,LYS,C,91.212,67.454,30.147,588,POL,RK
78,LYS,O,90.912,68.608,30.451,589,POL,RK
78,LYS,CB,92.146,65.776,31.766,590,POL,RK
78,LYS,CG,92.853,66.805,32.641,591,POL,RK
78,LYS,CD,94.132,66.233,33.241,592,POL,RK
78,LYS,CE,94.898,67.279,34.046,593,POL,RK
78,LYS,NZ,96.173,66.725,34.589,594,POL,RK
79,GLU,N,91.816,67.15,29.005,595,POL,DE
79,GLU,CA,92.228,68.171,28.046,596,POL,DE
79,GLU,C,91.144,68.885,27.246,597,POL,DE
79,GLU,O,91.251,70.087,26.992,598,POL,DE
79,GLU,CB,93.23,67.575,27.053,599,POL,DE
79,GLU,CG,94.603,67.269,27.628,600,POL,DE
79,GLU,CD,95.32,68.51,28.123,601,POL,DE
79,GLU,OE1,95.429,69.491,27.348,602,POL,DE
79,GLU,OE2,95.777,68.5,29.287,603,POL,DE
80,TYR,N,90.108,68.161,26.837,604,HYP,FY
80,TYR,CA,89.061,68.766,26.015,605,HYP,FY
80,TYR,C,87.645,68.549,26.528,606,HYP,FY
80,TYR,O,86.694,69.125,25.997,607,HYP,FY
80,TYR,CB,89.166,68.227,24.58,608,HYP,FY
80,TYR,CG,90.521,68.439,23.932,609,HYP,FY
80,TYR,CD1,90.784,69.576,23.169,610,HYP,FY
80,TYR,CD2,91.551,67.511,24.106,611,HYP,FY
80,TYR,CE1,92.039,69.784,22.592,612,HYP,FY
80,TYR,CE2,92.809,67.71,23.54,613,HYP,FY
80,TYR,CZ,93.046,68.848,22.784,614,HYP,FY
80,TYR,OH,94.288,69.044,22.222,615,HYP,FY
81,GLY,N,87.505,67.718,27.554,616,GLY,G
81,GLY,CA,86.188,67.446,28.104,617,GLY,G
81,GLY,C,85.372,66.552,27.191,618,GLY,G
81,GLY,O,84.166,66.379,27.384,619,GLY,G
82,GLY,N,86.038,65.979,26.193,620,GLY,G
82,GLY,CA,85.36,65.112,25.247,621,GLY,G
82,GLY,C,86.169,64.905,23.982,622,GLY,G
82,GLY,O,87.399,64.988,23.997,623,GLY,G
83,LEU,N,85.473,64.632,22.882,624,HYP,L
83,LEU,CA,86.109,64.395,21.595,625,HYP,L
83,LEU,C,85.113,64.707,20.493,626,HYP,L
83,LEU,O,83.952,64.304,20.567,627,HYP,L
83,LEU,CB,86.554,62.938,21.499,628,HYP,L
83,LEU,CG,87.105,62.431,20.167,629,HYP,L
83,LEU,CD1,88.312,63.261,19.737,630,HYP,L
83,LEU,CD2,87.475,60.968,20.323,631,HYP,L
84,ASP,N,85.569,65.419,19.468,632,POL,DE
84,ASP,CA,84.692,65.791,18.376,633,POL,DE
84,ASP,C,84.784,64.907,17.139,634,POL,DE
84,ASP,O,83.756,64.58,16.535,635,POL,DE
84,ASP,CB,84.933,67.247,17.986,636,POL,DE
84,ASP,CG,84.578,68.211,19.096,637,POL,DE
84,ASP,OD1,85.448,68.496,19.942,638,POL,DE
84,ASP,OD2,83.421,68.676,19.132,639,POL,DE
85,VAL,N,85.997,64.533,16.741,640,HYP,IV
85,VAL,CA,86.147,63.688,15.567,641,HYP,IV
85,VAL,C,87.028,62.498,15.845,642,HYP,IV
85,VAL,O,88.114,62.629,16.398,643,HYP,IV
85,VAL,CB,86.734,64.454,14.367,644,HYP,IV
85,VAL,CG1,87.001,63.487,13.208,645,HYP,IV
85,VAL,CG2,85.768,65.529,13.921,646,HYP,IV
86,LEU,N,86.539,61.328,15.46,647,HYP,L
86,LEU,CA,87.278,60.099,15.655,648,HYP,L
86,LEU,C,87.352,59.345,14.339,649,HYP,L
86,LEU,O,86.345,59.162,13.651,650,HYP,L
86,LEU,CB,86.591,59.229,16.709,651,HYP,L
86,LEU,CG,87.108,57.798,16.892,652,HYP,L
86,LEU,CD1,88.522,57.804,17.462,653,HYP,L
86,LEU,CD2,86.165,57.05,17.822,654,HYP,L
87,VAL,N,88.557,58.923,13.984,655,HYP,IV
87,VAL,CA,88.748,58.166,12.763,656,HYP,IV
87,VAL,C,89.476,56.891,13.114,657,HYP,IV
87,VAL,O,90.654,56.923,13.471,658,HYP,IV
87,VAL,CB,89.584,58.937,11.717,659,HYP,IV
87,VAL,CG1,89.802,58.06,10.484,660,HYP,IV
87,VAL,CG2,88.879,60.234,11.34,661,HYP,IV
88,ASN,N,88.76,55.774,13.03,662,POL,N
88,ASN,CA,89.339,54.468,13.316,663,POL,N
88,ASN,C,89.986,53.985,12.034,664,POL,N
88,ASN,O,89.328,53.467,11.144,665,POL,N
88,ASN,CB,88.249,53.513,13.797,666,POL,N
88,ASN,CG,87.73,53.889,15.177,667,POL,N
88,ASN,OD1,88.489,53.909,16.145,668,POL,N
88,ASN,ND2,86.442,54.197,15.268,669,POL,N
89,ASN,N,91.294,54.195,11.959,670,POL,N
89,ASN,CA,92.087,53.867,10.79,671,POL,N
89,ASN,C,92.953,52.631,10.939,672,POL,N
89,ASN,O,93.061,51.841,10.01,673,POL,N
89,ASN,CB,92.974,55.068,10.445,674,POL,N
89,ASN,CG,93.989,54.758,9.358,675,POL,N
89,ASN,OD1,93.63,54.561,8.197,676,POL,N
89,ASN,ND2,95.265,54.71,9.732,677,POL,N
90,ALA,N,93.564,52.478,12.11,678,POL,A
90,ALA,CA,94.468,51.36,12.409,679,POL,A
90,ALA,C,93.981,49.986,11.946,680,POL,A
90,ALA,O,92.787,49.685,12.015,681,POL,A
90,ALA,CB,94.771,51.326,13.918,682,POL,A
91,ALA,N,94.92,49.161,11.476,683,POL,A
91,ALA,CA,94.605,47.811,11.005,684,POL,A
91,ALA,C,95.83,47.041,10.513,685,POL,A
91,ALA,O,96.894,47.615,10.286,686,POL,A
91,ALA,CB,93.552,47.871,9.884,687,POL,A
92,ILE,N,95.665,45.732,10.361,688,HYP,IV
92,ILE,CA,96.733,44.881,9.858,689,HYP,IV
92,ILE,C,96.173,43.893,8.846,690,HYP,IV
92,ILE,O,94.959,43.677,8.771,691,HYP,IV
92,ILE,CB,97.431,44.101,10.979,692,HYP,IV
92,ILE,CG1,96.426,43.196,11.695,693,HYP,IV
92,ILE,CG2,98.101,45.075,11.933,694,HYP,IV
92,ILE,CD1,97.007,42.442,12.846,695,HYP,IV
93,ALA,N,97.067,43.297,8.067,696,POL,A
93,ALA,CA,96.664,42.347,7.054,697,POL,A
93,ALA,C,97.809,41.401,6.751,698,POL,A
93,ALA,O,98.942,41.84,6.59,699,POL,A
93,ALA,CB,96.249,43.088,5.791,700,POL,A
94,PHE,N,97.52,40.102,6.703,701,HYP,FY
94,PHE,CA,98.547,39.118,6.388,702,HYP,FY
94,PHE,C,98.473,38.848,4.888,703,HYP,FY
94,PHE,O,97.485,38.286,4.4,704,HYP,FY
94,PHE,CB,98.327,37.809,7.16,705,HYP,FY
94,PHE,CG,98.537,37.929,8.647,706,HYP,FY
94,PHE,CD1,97.488,38.302,9.491,707,HYP,FY
94,PHE,CD2,99.793,37.697,9.206,708,HYP,FY
94,PHE,CE1,97.685,38.444,10.873,709,HYP,FY
94,PHE,CE2,100.002,37.836,10.589,710,HYP,FY
94,PHE,CZ,98.941,38.213,11.42,711,HYP,FY
95,GLN,N,99.51,39.263,4.158,712,POL,Q
95,GLN,CA,99.555,39.061,2.708,713,POL,Q
95,GLN,C,100.167,37.718,2.316,714,POL,Q
95,GLN,O,100.651,36.963,3.161,715,POL,Q
95,GLN,CB,100.356,40.177,2.018,716,POL,Q
95,GLN,CG,99.854,41.605,2.241,717,POL,Q
95,GLN,CD,98.36,41.765,2.006,718,POL,Q
95,GLN,OE1,97.78,41.135,1.115,719,POL,Q
95,GLN,NE2,97.731,42.625,2.8,720,POL,Q
96,LEU,N,100.149,37.443,1.015,721,HYP,L
96,LEU,CA,100.691,36.203,0.475,722,HYP,L
96,LEU,C,102.157,35.998,0.839,723,HYP,L
96,LEU,O,102.923,36.958,0.97,724,HYP,L
96,LEU,CB,100.537,36.18,-1.045,725,HYP,L
96,LEU,CG,99.096,36.162,-1.559,726,HYP,L
96,LEU,CD1,99.086,36.207,-3.091,727,HYP,L
96,LEU,CD2,98.393,34.902,-1.038,728,HYP,L
97,ASP,N,102.523,34.729,1.0,729,POL,DE
97,ASP,CA,103.877,34.312,1.342,730,POL,DE
97,ASP,C,104.291,34.466,2.791,731,POL,DE
97,ASP,O,105.399,34.079,3.161,732,POL,DE
97,ASP,CB,104.9,34.981,0.436,733,POL,DE
97,ASP,CG,105.059,34.244,-0.857,734,POL,DE
97,ASP,OD1,105.073,33.001,-0.805,735,POL,DE
97,ASP,OD2,105.177,34.884,-1.915,736,POL,DE
98,ASN,N,103.403,35.032,3.6,737,POL,N
98,ASN,CA,103.643,35.176,5.026,738,POL,N
98,ASN,C,103.318,33.772,5.556,739,POL,N
98,ASN,O,102.192,33.301,5.432,740,POL,N
98,ASN,CB,102.682,36.206,5.614,741,POL,N
98,ASN,CG,102.815,36.331,7.107,742,POL,N
98,ASN,OD1,102.782,35.334,7.824,743,POL,N
98,ASN,ND2,102.96,37.56,7.589,744,POL,N
99,PRO,N,104.304,33.089,6.148,745,PRO,P
99,PRO,CA,104.152,31.733,6.688,746,PRO,P
99,PRO,C,103.112,31.502,7.783,747,PRO,P
99,PRO,O,102.664,30.382,7.98,748,PRO,P
99,PRO,CB,105.565,31.398,7.175,749,PRO,P
99,PRO,CG,106.449,32.271,6.33,750,PRO,P
99,PRO,CD,105.684,33.564,6.337,751,PRO,P
100,THR,N,102.736,32.551,8.501,752,POL,ST
100,THR,CA,101.77,32.413,9.583,753,POL,ST
100,THR,C,100.57,31.535,9.229,754,POL,ST
100,THR,O,99.876,31.786,8.247,755,POL,ST
100,THR,CB,101.237,33.777,10.022,756,POL,ST
100,THR,OG1,102.327,34.607,10.438,757,POL,ST
100,THR,CG2,100.25,33.61,11.168,758,POL,ST
101,PRO,N,100.313,30.492,10.035,759,PRO,P
101,PRO,CA,99.189,29.578,9.808,760,PRO,P
101,PRO,C,97.871,30.335,9.681,761,PRO,P
101,PRO,O,97.637,31.332,10.369,762,PRO,P
101,PRO,CB,99.221,28.681,11.039,763,PRO,P
101,PRO,CG,100.665,28.611,11.347,764,PRO,P
101,PRO,CD,101.114,30.05,11.189,765,PRO,P
102,PHE,N,97.016,29.836,8.801,766,HYP,FY
102,PHE,CA,95.721,30.435,8.516,767,HYP,FY
102,PHE,C,94.85,30.786,9.726,768,HYP,FY
102,PHE,O,94.44,31.936,9.877,769,HYP,FY
102,PHE,CB,94.949,29.51,7.558,770,HYP,FY
102,PHE,CG,93.553,29.974,7.239,771,HYP,FY
102,PHE,CD1,93.34,31.105,6.459,772,HYP,FY
102,PHE,CD2,92.448,29.265,7.71,773,HYP,FY
102,PHE,CE1,92.047,31.527,6.146,774,HYP,FY
102,PHE,CE2,91.146,29.675,7.406,775,HYP,FY
102,PHE,CZ,90.947,30.812,6.619,776,HYP,FY
103,HIS,N,94.557,29.809,10.58,777,HYP,H
103,HIS,CA,93.701,30.067,11.74,778,HYP,H
103,HIS,C,94.295,31.127,12.657,779,HYP,H
103,HIS,O,93.563,31.849,13.334,780,HYP,H
103,HIS,CB,93.424,28.777,12.532,781,HYP,H
103,HIS,CG,94.644,28.171,13.149,782,HYP,H
103,HIS,ND1,95.617,27.534,12.409,783,HYP,H
103,HIS,CD2,95.065,28.132,14.436,784,HYP,H
103,HIS,CE1,96.585,27.129,13.212,785,HYP,H
103,HIS,NE2,96.274,27.482,14.447,786,HYP,H
104,ILE,N,95.621,31.216,12.669,787,HYP,IV
104,ILE,CA,96.302,32.207,13.481,788,HYP,IV
104,ILE,C,96.132,33.58,12.827,789,HYP,IV
104,ILE,O,95.901,34.588,13.514,790,HYP,IV
104,ILE,CB,97.806,31.848,13.64,791,HYP,IV
104,ILE,CG1,97.933,30.596,14.517,792,HYP,IV
104,ILE,CG2,98.584,33.011,14.269,793,HYP,IV
104,ILE,CD1,99.363,30.2,14.809,794,HYP,IV
105,GLN,N,96.239,33.617,11.499,795,POL,Q
105,GLN,CA,96.06,34.863,10.753,796,POL,Q
105,GLN,C,94.649,35.373,11.023,797,POL,Q
105,GLN,O,94.419,36.577,11.165,798,POL,Q
105,GLN,CB,96.215,34.628,9.252,799,POL,Q
105,GLN,CG,97.632,34.383,8.78,800,POL,Q
105,GLN,CD,97.694,34.219,7.276,801,POL,Q
105,GLN,OE1,96.744,34.567,6.572,802,POL,Q
105,GLN,NE2,98.816,33.706,6.771,803,POL,Q
106,ALA,N,93.707,34.437,11.079,804,POL,A
106,ALA,CA,92.319,34.764,11.339,805,POL,A
106,ALA,C,92.228,35.438,12.695,806,POL,A
106,ALA,O,91.805,36.588,12.811,807,POL,A
106,ALA,CB,91.473,33.499,11.332,808,POL,A
107,GLU,N,92.645,34.71,13.723,809,POL,DE
107,GLU,CA,92.606,35.213,15.077,810,POL,DE
107,GLU,C,93.294,36.567,15.315,811,POL,DE
107,GLU,O,92.746,37.418,16.012,812,POL,DE
107,GLU,CB,93.191,34.175,16.021,813,POL,DE
107,GLU,CG,93.324,34.7,17.426,814,POL,DE
107,GLU,CD,93.527,33.61,18.439,815,POL,DE
107,GLU,OE1,93.751,33.956,19.62,816,POL,DE
107,GLU,OE2,93.457,32.418,18.06,817,POL,DE
108,LEU,N,94.484,36.772,14.759,818,HYP,L
108,LEU,CA,95.171,38.042,14.98,819,HYP,L
108,LEU,C,94.589,39.193,14.165,820,HYP,L
108,LEU,O,94.509,40.324,14.65,821,HYP,L
108,LEU,CB,96.674,37.902,14.719,822,HYP,L
108,LEU,CG,97.387,36.985,15.725,823,HYP,L
108,LEU,CD1,98.887,36.985,15.464,824,HYP,L
108,LEU,CD2,97.1,37.454,17.145,825,HYP,L
109,THR,N,94.174,38.919,12.933,826,POL,ST
109,THR,CA,93.574,39.973,12.119,827,POL,ST
109,THR,C,92.3,40.457,12.811,828,POL,ST
109,THR,O,92.069,41.66,12.944,829,POL,ST
109,THR,CB,93.244,39.466,10.697,830,POL,ST
109,THR,OG1,94.462,39.091,10.044,831,POL,ST
109,THR,CG2,92.574,40.556,9.872,832,POL,ST
110,MET,N,91.485,39.512,13.269,833,HYP,M
110,MET,CA,90.244,39.848,13.95,834,HYP,M
110,MET,C,90.515,40.6,15.24,835,HYP,M
110,MET,O,89.887,41.609,15.528,836,HYP,M
110,MET,CB,89.455,38.585,14.287,837,HYP,M
110,MET,CG,88.068,38.882,14.834,838,HYP,M
110,MET,SD,86.854,39.085,13.524,839,HYP,M
110,MET,CE,87.285,40.538,12.851,840,HYP,M
111,LYS,N,91.46,40.089,16.016,841,POL,RK
111,LYS,CA,91.813,40.691,17.282,842,POL,RK
111,LYS,C,92.015,42.2,17.188,843,POL,RK
111,LYS,O,91.532,42.941,18.043,844,POL,RK
111,LYS,CB,93.064,40.023,17.84,845,POL,RK
111,LYS,CG,93.501,40.544,19.202,846,POL,RK
111,LYS,CD,94.792,39.857,19.654,847,POL,RK
111,LYS,CE,95.167,40.261,21.078,848,POL,RK
111,LYS,NZ,94.081,39.96,22.064,849,POL,RK
112,THR,N,92.718,42.678,16.165,850,POL,ST
112,THR,CA,92.907,44.12,16.07,851,POL,ST
112,THR,C,91.917,44.832,15.149,852,POL,ST
112,THR,O,91.383,45.878,15.502,853,POL,ST
112,THR,CB,94.385,44.486,15.689,854,POL,ST
112,THR,OG1,94.409,45.45,14.632,855,POL,ST
112,THR,CG2,95.134,43.29,15.28,856,POL,ST
113,ASN,N,91.63,44.25,13.994,857,POL,N
113,ASN,CA,90.727,44.886,13.041,858,POL,N
113,ASN,C,89.299,45.083,13.527,859,POL,N
113,ASN,O,88.705,46.142,13.29,860,POL,N
113,ASN,CB,90.73,44.112,11.728,861,POL,N
113,ASN,CG,91.993,44.348,10.915,862,POL,N
113,ASN,OD1,93.034,44.759,11.447,863,POL,N
113,ASN,ND2,91.91,44.077,9.617,864,POL,N
114,PHE,N,88.742,44.075,14.196,865,HYP,FY
114,PHE,CA,87.379,44.184,14.71,866,HYP,FY
114,PHE,C,87.369,44.465,16.195,867,HYP,FY
114,PHE,O,86.901,45.508,16.63,868,HYP,FY
114,PHE,CB,86.588,42.907,14.46,869,HYP,FY
114,PHE,CG,85.148,42.997,14.88,870,HYP,FY
114,PHE,CD1,84.255,43.793,14.178,871,HYP,FY
114,PHE,CD2,84.692,42.305,15.995,872,HYP,FY
114,PHE,CE1,82.927,43.902,14.579,873,HYP,FY
114,PHE,CE2,83.368,42.407,16.405,874,HYP,FY
114,PHE,CZ,82.482,43.208,15.694,875,HYP,FY
115,MET,N,87.879,43.52,16.972,876,HYP,M
115,MET,CA,87.92,43.67,18.422,877,HYP,M
115,MET,C,88.52,45.005,18.827,878,HYP,M
115,MET,O,87.911,45.757,19.582,879,HYP,M
115,MET,CB,88.721,42.533,19.051,880,HYP,M
115,MET,CG,88.142,41.142,18.786,881,HYP,M
115,MET,SD,86.405,40.972,19.306,882,HYP,M
115,MET,CE,85.833,39.726,18.145,883,HYP,M
116,GLY,N,89.706,45.3,18.301,884,GLY,G
116,GLY,CA,90.384,46.543,18.625,885,GLY,G
116,GLY,C,89.542,47.756,18.297,886,GLY,G
116,GLY,O,89.405,48.668,19.107,887,GLY,G
117,THR,N,88.976,47.762,17.098,888,POL,ST
117,THR,CA,88.148,48.867,16.658,889,POL,ST
117,THR,C,86.955,49.015,17.591,890,POL,ST
117,THR,O,86.614,50.117,18.021,891,POL,ST
117,THR,CB,87.645,48.641,15.216,892,POL,ST
117,THR,OG1,88.766,48.473,14.337,893,POL,ST
117,THR,CG2,86.821,49.832,14.754,894,POL,ST
118,ARG,N,86.326,47.896,17.912,895,POL,RK
118,ARG,CA,85.179,47.929,18.802,896,POL,RK
118,ARG,C,85.538,48.456,20.203,897,POL,RK
118,ARG,O,84.783,49.24,20.786,898,POL,RK
118,ARG,CB,84.57,46.536,18.925,899,POL,RK
118,ARG,CG,83.364,46.5,19.845,900,POL,RK
118,ARG,CD,83.072,45.086,20.277,901,POL,RK
118,ARG,NE,81.935,45.013,21.185,902,POL,RK
118,ARG,CZ,81.749,44.028,22.056,903,POL,RK
118,ARG,NH1,82.63,43.039,22.143,904,POL,RK
118,ARG,NH2,80.673,44.027,22.83,905,POL,RK
119,ASN,N,86.68,48.033,20.743,906,POL,N
119,ASN,CA,87.071,48.488,22.065,907,POL,N
119,ASN,C,87.405,49.962,22.106,908,POL,N
119,ASN,O,87.361,50.578,23.156,909,POL,N
119,ASN,CB,88.24,47.668,22.592,910,POL,N
119,ASN,CG,87.817,46.274,22.994,911,POL,N
119,ASN,OD1,86.64,45.919,22.878,912,POL,N
119,ASN,ND2,88.766,45.473,23.462,913,POL,N
120,VAL,N,87.746,50.534,20.964,914,HYP,IV
120,VAL,CA,88.047,51.955,20.91,915,HYP,IV
120,VAL,C,86.719,52.693,20.919,916,HYP,IV
120,VAL,O,86.558,53.706,21.605,917,HYP,IV
120,VAL,CB,88.815,52.327,19.621,918,HYP,IV
120,VAL,CG1,88.937,53.842,19.504,919,HYP,IV
120,VAL,CG2,90.197,51.67,19.631,920,HYP,IV
121,CYS,N,85.763,52.169,20.159,921,HYP,C
121,CYS,CA,84.443,52.776,20.072,922,HYP,C
121,CYS,C,83.663,52.749,21.377,923,HYP,C
121,CYS,O,83.124,53.768,21.799,924,HYP,C
121,CYS,CB,83.613,52.09,18.984,925,HYP,C
121,CYS,SG,84.082,52.538,17.305,926,HYP,C
122,THR,N,83.592,51.587,22.016,927,POL,ST
122,THR,CA,82.834,51.49,23.251,928,POL,ST
122,THR,C,83.41,52.428,24.308,929,POL,ST
122,THR,O,82.688,52.916,25.18,930,POL,ST
122,THR,CB,82.813,50.05,23.796,931,POL,ST
122,THR,OG1,84.127,49.675,24.203,932,POL,ST
122,THR,CG2,82.336,49.08,22.729,933,POL,ST
123,GLU,N,84.706,52.7,24.218,934,POL,DE
123,GLU,CA,85.341,53.578,25.183,935,POL,DE
123,GLU,C,85.3,55.058,24.814,936,POL,DE
123,GLU,O,85.265,55.913,25.699,937,POL,DE
123,GLU,CB,86.79,53.151,25.405,938,POL,DE
123,GLU,CG,86.936,51.901,26.252,939,POL,DE
123,GLU,CD,86.56,52.134,27.711,940,POL,DE
123,GLU,OE1,87.234,52.952,28.392,941,POL,DE
123,GLU,OE2,85.589,51.498,28.177,942,POL,DE
124,LEU,N,85.288,55.373,23.521,943,HYP,L
124,LEU,CA,85.285,56.773,23.113,944,HYP,L
124,LEU,C,83.962,57.322,22.603,945,HYP,L
124,LEU,O,83.763,58.536,22.596,946,HYP,L
124,LEU,CB,86.379,57.015,22.072,947,HYP,L
124,LEU,CG,87.811,56.715,22.536,948,HYP,L
124,LEU,CD1,88.782,57.048,21.412,949,HYP,L
124,LEU,CD2,88.151,57.526,23.777,950,HYP,L
125,LEU,N,83.058,56.449,22.171,951,HYP,L
125,LEU,CA,81.766,56.928,21.69,952,HYP,L
125,LEU,C,81.07,57.769,22.765,953,HYP,L
125,LEU,O,80.457,58.788,22.461,954,HYP,L
125,LEU,CB,80.86,55.76,21.266,955,HYP,L
125,LEU,CG,81.166,55.086,19.919,956,HYP,L
125,LEU,CD1,80.085,54.061,19.596,957,HYP,L
125,LEU,CD2,81.224,56.132,18.813,958,HYP,L
126,PRO,N,81.155,57.354,24.038,959,PRO,P
126,PRO,CA,80.503,58.141,25.086,960,PRO,P
126,PRO,C,81.009,59.579,25.172,961,PRO,P
126,PRO,O,80.291,60.467,25.63,962,PRO,P
126,PRO,CB,80.811,57.348,26.344,963,PRO,P
126,PRO,CG,80.797,55.941,25.841,964,PRO,P
126,PRO,CD,81.599,56.054,24.57,965,PRO,P
127,LEU,N,82.24,59.804,24.717,966,HYP,L
127,LEU,CA,82.837,61.131,24.763,967,HYP,L
127,LEU,C,82.597,62.018,23.547,968,HYP,L
127,LEU,O,82.985,63.186,23.555,969,HYP,L
127,LEU,CB,84.342,61.018,25.0,970,HYP,L
127,LEU,CG,84.777,60.266,26.261,971,HYP,L
127,LEU,CD1,86.287,60.343,26.384,972,HYP,L
127,LEU,CD2,84.126,60.87,27.492,973,HYP,L
128,ILE,N,81.967,61.49,22.503,974,HYP,IV
128,ILE,CA,81.726,62.304,21.318,975,HYP,IV
128,ILE,C,80.726,63.419,21.606,976,HYP,IV
128,ILE,O,79.615,63.164,22.074,977,HYP,IV
128,ILE,CB,81.205,61.457,20.129,978,HYP,IV
128,ILE,CG1,82.261,60.432,19.706,979,HYP,IV
128,ILE,CG2,80.892,62.361,18.952,980,HYP,IV
128,ILE,CD1,83.539,61.056,19.166,981,HYP,IV
129,LYS,N,81.14,64.654,21.319,982,POL,RK
129,LYS,CA,80.313,65.842,21.53,983,POL,RK
129,LYS,C,79.276,65.999,20.425,984,POL,RK
129,LYS,O,79.433,65.464,19.322,985,POL,RK
129,LYS,CB,81.181,67.099,21.551,986,POL,RK
129,LYS,CG,82.183,67.161,22.68,987,POL,RK
129,LYS,CD,83.077,68.379,22.529,988,POL,RK
129,LYS,CE,84.154,68.421,23.599,989,POL,RK
129,LYS,NZ,85.185,69.467,23.283,990,POL,RK
130,PRO,N,78.197,66.742,20.707,991,PRO,P
130,PRO,CA,77.152,66.952,19.701,992,PRO,P
130,PRO,C,77.77,67.549,18.435,993,PRO,P
130,PRO,O,78.707,68.346,18.524,994,PRO,P
130,PRO,CB,76.202,67.918,20.4,995,PRO,P
130,PRO,CG,76.318,67.507,21.843,996,PRO,P
130,PRO,CD,77.811,67.326,22.004,997,PRO,P
131,GLN,N,77.24,67.166,17.271,998,POL,Q
131,GLN,CA,77.736,67.633,15.976,999,POL,Q
131,GLN,C,79.007,66.852,15.647,1000,POL,Q
131,GLN,O,79.714,67.16,14.683,1001,POL,Q
131,GLN,CB,78.072,69.133,16.008,1002,POL,Q
131,GLN,CG,76.921,70.07,16.322,1003,POL,Q
131,GLN,CD,75.882,70.12,15.22,1004,POL,Q
131,GLN,OE1,74.952,70.926,15.271,1005,POL,Q
131,GLN,NE2,76.029,69.258,14.216,1006,POL,Q
132,GLY,N,79.287,65.839,16.464,1007,GLY,G
132,GLY,CA,80.477,65.031,16.269,1008,GLY,G
132,GLY,C,80.402,64.03,15.129,1009,GLY,G
132,GLY,O,79.327,63.54,14.776,1010,GLY,G
133,ARG,N,81.553,63.723,14.547,1011,POL,RK
133,ARG,CA,81.598,62.77,13.454,1012,POL,RK
133,ARG,C,82.551,61.62,13.748,1013,POL,RK
133,ARG,O,83.64,61.815,14.297,1014,POL,RK
133,ARG,CB,82.0,63.461,12.15,1015,POL,RK
133,ARG,CG,80.9,64.303,11.522,1016,POL,RK
133,ARG,CD,80.831,65.704,12.112,1017,POL,RK
133,ARG,NE,79.802,66.494,11.444,1018,POL,RK
133,ARG,CZ,78.49,66.335,11.619,1019,POL,RK
133,ARG,NH1,78.02,65.412,12.455,1020,POL,RK
133,ARG,NH2,77.643,67.092,10.939,1021,POL,RK
134,VAL,N,82.123,60.416,13.383,1022,HYP,IV
134,VAL,CA,82.925,59.224,13.603,1023,HYP,IV
134,VAL,C,83.115,58.481,12.289,1024,HYP,IV
134,VAL,O,82.148,58.161,11.601,1025,HYP,IV
134,VAL,CB,82.258,58.274,14.623,1026,HYP,IV
134,VAL,CG1,83.109,57.023,14.798,1027,HYP,IV
134,VAL,CG2,82.08,58.977,15.948,1028,HYP,IV
135,VAL,N,84.367,58.202,11.947,1029,HYP,IV
135,VAL,CA,84.666,57.51,10.706,1030,HYP,IV
135,VAL,C,85.443,56.226,10.919,1031,HYP,IV
135,VAL,O,86.518,56.229,11.525,1032,HYP,IV
135,VAL,CB,85.481,58.409,9.741,1033,HYP,IV
135,VAL,CG1,85.653,57.712,8.393,1034,HYP,IV
135,VAL,CG2,84.786,59.756,9.572,1035,HYP,IV
136,ASN,N,84.886,55.126,10.421,1036,POL,N
136,ASN,CA,85.55,53.833,10.513,1037,POL,N
136,ASN,C,86.046,53.435,9.135,1038,POL,N
136,ASN,O,85.263,53.224,8.211,1039,POL,N
136,ASN,CB,84.602,52.77,11.05,1040,POL,N
136,ASN,CG,84.184,53.048,12.462,1041,POL,N
136,ASN,OD1,85.0,53.435,13.293,1042,POL,N
136,ASN,ND2,82.911,52.854,12.749,1043,POL,N
137,VAL,N,87.36,53.352,9.001,1044,HYP,IV
137,VAL,CA,87.961,52.985,7.733,1045,HYP,IV
137,VAL,C,87.836,51.476,7.534,1046,HYP,IV
137,VAL,O,88.473,50.679,8.226,1047,HYP,IV
137,VAL,CB,89.454,53.407,7.682,1048,HYP,IV
137,VAL,CG1,90.055,53.064,6.322,1049,HYP,IV
137,VAL,CG2,89.577,54.902,7.943,1050,HYP,IV
138,SER,N,86.984,51.092,6.595,1051,POL,ST
138,SER,CA,86.779,49.686,6.282,1052,POL,ST
138,SER,C,87.535,49.351,4.995,1053,POL,ST
138,SER,O,88.646,49.832,4.776,1054,POL,ST
138,SER,CB,85.291,49.403,6.096,1055,POL,ST
138,SER,OG,85.089,48.025,5.871,1056,POL,ST
139,SER,N,86.925,48.537,4.145,1057,POL,ST
139,SER,CA,87.538,48.148,2.882,1058,POL,ST
139,SER,C,86.49,47.505,1.988,1059,POL,ST
139,SER,O,85.534,46.916,2.485,1060,POL,ST
139,SER,CB,88.674,47.155,3.138,1061,POL,ST
139,SER,OG,89.215,46.691,1.92,1062,POL,ST
140,THR,N,86.652,47.619,0.674,1063,POL,ST
140,THR,CA,85.692,46.994,-0.226,1064,POL,ST
140,THR,C,85.936,45.491,-0.243,1065,POL,ST
140,THR,O,85.112,44.722,-0.748,1066,POL,ST
140,THR,CB,85.783,47.551,-1.653,1067,POL,ST
140,THR,OG1,87.16,47.712,-2.018,1068,POL,ST
140,THR,CG2,85.052,48.89,-1.745,1069,POL,ST
141,GLU,N,87.073,45.079,0.315,1070,POL,DE
141,GLU,CA,87.398,43.663,0.416,1071,POL,DE
141,GLU,C,86.326,43.006,1.282,1072,POL,DE
141,GLU,O,86.071,41.805,1.169,1073,POL,DE
141,GLU,CB,88.762,43.469,1.077,1074,POL,DE
141,GLU,CG,89.931,43.544,0.133,1075,POL,DE
141,GLU,CD,89.996,42.361,-0.818,1076,POL,DE
141,GLU,OE1,89.147,41.445,-0.699,1077,POL,DE
141,GLU,OE2,90.907,42.349,-1.68,1078,POL,DE
142,GLY,N,85.707,43.802,2.151,1079,GLY,G
142,GLY,CA,84.665,43.284,3.017,1080,GLY,G
142,GLY,C,83.462,42.846,2.212,1081,GLY,G
142,GLY,O,82.846,41.82,2.497,1082,GLY,G
143,VAL,N,83.134,43.641,1.197,1083,HYP,IV
143,VAL,CA,82.01,43.375,0.305,1084,HYP,IV
143,VAL,C,82.295,42.145,-0.54,1085,HYP,IV
143,VAL,O,81.41,41.322,-0.776,1086,HYP,IV
143,VAL,CB,81.757,44.567,-0.648,1087,HYP,IV
143,VAL,CG1,80.635,44.228,-1.635,1088,HYP,IV
143,VAL,CG2,81.414,45.815,0.162,1089,HYP,IV
144,ARG,N,83.533,42.034,-1.008,1090,POL,RK
144,ARG,CA,83.931,40.896,-1.821,1091,POL,RK
144,ARG,C,83.773,39.641,-0.969,1092,POL,RK
144,ARG,O,83.194,38.647,-1.405,1093,POL,RK
144,ARG,CB,85.382,41.057,-2.286,1094,POL,RK
144,ARG,CG,85.755,40.11,-3.409,1095,POL,RK
144,ARG,CD,86.992,40.569,-4.194,1096,POL,RK
144,ARG,NE,88.257,40.168,-3.582,1097,POL,RK
144,ARG,CZ,88.569,38.913,-3.263,1098,POL,RK
144,ARG,NH1,87.705,37.929,-3.49,1099,POL,RK
144,ARG,NH2,89.754,38.638,-2.722,1100,POL,RK
145,ALA,N,84.27,39.709,0.261,1101,POL,A
145,ALA,CA,84.192,38.591,1.193,1102,POL,A
145,ALA,C,82.746,38.285,1.56,1103,POL,A
145,ALA,O,82.38,37.13,1.798,1104,POL,A
145,ALA,CB,84.99,38.908,2.455,1105,POL,A
146,LEU,N,81.925,39.328,1.612,1106,HYP,L
146,LEU,CA,80.522,39.157,1.961,1107,HYP,L
146,LEU,C,79.787,38.304,0.936,1108,HYP,L
146,LEU,O,78.982,37.449,1.292,1109,HYP,L
146,LEU,CB,79.835,40.514,2.078,1110,HYP,L
146,LEU,CG,78.316,40.414,2.198,1111,HYP,L
146,LEU,CD1,77.95,39.539,3.379,1112,HYP,L
146,LEU,CD2,77.728,41.798,2.35,1113,HYP,L
147,ASN,N,80.082,38.536,-0.336,1114,POL,N
147,ASN,CA,79.441,37.801,-1.41,1115,POL,N
147,ASN,C,79.935,36.363,-1.543,1116,POL,N
147,ASN,O,79.314,35.552,-2.231,1117,POL,N
147,ASN,CB,79.627,38.557,-2.727,1118,POL,N
147,ASN,CG,78.787,39.822,-2.789,1119,POL,N
147,ASN,OD1,79.087,40.749,-3.541,1120,POL,N
147,ASN,ND2,77.719,39.86,-1.998,1121,POL,N
148,GLU,N,81.041,36.039,-0.88,1122,POL,DE
148,GLU,CA,81.581,34.686,-0.942,1123,POL,DE
148,GLU,C,80.982,33.798,0.143,1124,POL,DE
148,GLU,O,81.081,32.578,0.069,1125,POL,DE
148,GLU,CB,83.102,34.706,-0.796,1126,POL,DE
148,GLU,CG,83.793,35.625,-1.773,1127,POL,DE
148,GLU,CD,85.304,35.529,-1.704,1128,POL,DE
148,GLU,OE1,85.864,35.563,-0.586,1129,POL,DE
148,GLU,OE2,85.934,35.433,-2.778,1130,POL,DE
149,CYS,N,80.368,34.404,1.153,1131,HYP,C
149,CYS,CA,79.761,33.631,2.23,1132,HYP,C
149,CYS,C,78.413,33.093,1.772,1133,HYP,C
149,CYS,O,77.817,33.614,0.828,1134,HYP,C
149,CYS,CB,79.58,34.499,3.475,1135,HYP,C
149,CYS,SG,81.118,35.198,4.122,1136,HYP,C
150,SER,N,77.934,32.052,2.445,1137,POL,ST
150,SER,CA,76.661,31.432,2.102,1138,POL,ST
150,SER,C,75.481,32.367,2.333,1139,POL,ST
150,SER,O,75.489,33.176,3.261,1140,POL,ST
150,SER,CB,76.461,30.16,2.922,1141,POL,ST
150,SER,OG,76.307,30.471,4.293,1142,POL,ST
151,PRO,N,74.439,32.254,1.493,1143,PRO,P
151,PRO,CA,73.234,33.085,1.59,1144,PRO,P
151,PRO,C,72.687,33.21,3.018,1145,PRO,P
151,PRO,O,72.104,34.233,3.384,1146,PRO,P
151,PRO,CB,72.259,32.377,0.652,1147,PRO,P
151,PRO,CG,73.169,31.813,-0.404,1148,PRO,P
151,PRO,CD,74.289,31.243,0.427,1149,PRO,P
152,GLU,N,72.874,32.171,3.823,1150,POL,DE
152,GLU,CA,72.388,32.205,5.195,1151,POL,DE
152,GLU,C,73.188,33.225,5.984,1152,POL,DE
152,GLU,O,72.622,34.005,6.749,1153,POL,DE
152,GLU,CB,72.503,30.826,5.858,1154,POL,DE
152,GLU,CG,71.761,29.712,5.128,1155,POL,DE
152,GLU,CD,72.499,29.235,3.882,1156,POL,DE
152,GLU,OE1,73.56,28.583,4.024,1157,POL,DE
152,GLU,OE2,72.026,29.517,2.758,1158,POL,DE
153,LEU,N,74.506,33.219,5.795,1159,HYP,L
153,LEU,CA,75.381,34.159,6.491,1160,HYP,L
153,LEU,C,75.162,35.57,5.984,1161,HYP,L
153,LEU,O,75.144,36.518,6.768,1162,HYP,L
153,LEU,CB,76.849,33.776,6.305,1163,HYP,L
153,LEU,CG,77.384,32.711,7.263,1164,HYP,L
153,LEU,CD1,78.8,32.331,6.882,1165,HYP,L
153,LEU,CD2,77.345,33.245,8.682,1166,HYP,L
154,GLN,N,74.996,35.702,4.671,1167,POL,Q
154,GLN,CA,74.771,37.007,4.066,1168,POL,Q
154,GLN,C,73.528,37.645,4.653,1169,POL,Q
154,GLN,O,73.523,38.834,4.975,1170,POL,Q
154,GLN,CB,74.615,36.881,2.552,1171,POL,Q
154,GLN,CG,75.869,36.407,1.856,1172,POL,Q
154,GLN,CD,75.85,36.689,0.369,1173,POL,Q
154,GLN,OE1,75.57,37.815,-0.062,1174,POL,Q
154,GLN,NE2,76.163,35.67,-0.429,1175,POL,Q
155,GLN,N,72.474,36.848,4.798,1176,POL,Q
155,GLN,CA,71.22,37.336,5.349,1177,POL,Q
155,GLN,C,71.394,37.885,6.756,1178,POL,Q
155,GLN,O,70.807,38.906,7.106,1179,POL,Q
155,GLN,CB,70.182,36.22,5.376,1180,POL,Q
155,GLN,CG,69.034,36.434,4.413,1181,POL,Q
155,GLN,CD,67.954,35.385,4.569,1182,POL,Q
155,GLN,OE1,67.307,35.291,5.617,1183,POL,Q
155,GLN,NE2,67.757,34.582,3.528,1184,POL,Q
156,LYS,N,72.197,37.199,7.561,1185,POL,RK
156,LYS,CA,72.439,37.613,8.934,1186,POL,RK
156,LYS,C,73.194,38.939,9.016,1187,POL,RK
156,LYS,O,72.917,39.769,9.878,1188,POL,RK
156,LYS,CB,73.214,36.523,9.668,1189,POL,RK
156,LYS,CG,72.376,35.325,10.077,1190,POL,RK
156,LYS,CD,73.259,34.211,10.635,1191,POL,RK
156,LYS,CE,72.476,33.244,11.526,1192,POL,RK
156,LYS,NZ,71.309,32.617,10.839,1193,POL,RK
157,PHE,N,74.145,39.143,8.113,1194,HYP,FY
157,PHE,CA,74.924,40.372,8.112,1195,HYP,FY
157,PHE,C,74.142,41.542,7.534,1196,HYP,FY
157,PHE,O,74.272,42.679,7.993,1197,HYP,FY
157,PHE,CB,76.219,40.178,7.324,1198,HYP,FY
157,PHE,CG,77.212,39.277,8.0,1199,HYP,FY
157,PHE,CD1,77.535,39.46,9.34,1200,HYP,FY
157,PHE,CD2,77.853,38.267,7.291,1201,HYP,FY
157,PHE,CE1,78.48,38.656,9.965,1202,HYP,FY
157,PHE,CE2,78.805,37.454,7.911,1203,HYP,FY
157,PHE,CZ,79.116,37.653,9.253,1204,HYP,FY
158,LYS,N,73.326,41.263,6.525,1205,POL,RK
158,LYS,CA,72.529,42.307,5.903,1206,POL,RK
158,LYS,C,71.278,42.654,6.702,1207,POL,RK
158,LYS,O,70.543,43.561,6.326,1208,POL,RK
158,LYS,CB,72.129,41.893,4.493,1209,POL,RK
158,LYS,CG,73.285,41.823,3.515,1210,POL,RK
158,LYS,CD,72.783,41.437,2.133,1211,POL,RK
158,LYS,CE,73.911,41.352,1.133,1212,POL,RK
158,LYS,NZ,73.413,40.864,-0.182,1213,POL,RK
159,SER,N,71.038,41.948,7.802,1214,POL,ST
159,SER,CA,69.857,42.215,8.62,1215,POL,ST
159,SER,C,69.779,43.652,9.107,1216,POL,ST
159,SER,O,70.788,44.346,9.213,1217,POL,ST
159,SER,CB,69.81,41.289,9.838,1218,POL,ST
159,SER,OG,68.766,41.673,10.726,1219,POL,ST
160,GLU,N,68.56,44.084,9.409,1220,POL,DE
160,GLU,CA,68.308,45.433,9.903,1221,POL,DE
160,GLU,C,68.211,45.384,11.422,1222,POL,DE
160,GLU,O,68.385,46.395,12.104,1223,POL,DE
160,GLU,CB,66.987,45.969,9.339,1224,POL,DE
160,GLU,CG,67.024,46.353,7.871,1225,POL,DE
160,GLU,CD,67.722,47.68,7.633,1226,POL,DE
160,GLU,OE1,67.913,48.047,6.455,1227,POL,DE
160,GLU,OE2,68.076,48.361,8.622,1228,POL,DE
161,THR,N,67.943,44.193,11.943,1229,POL,ST
161,THR,CA,67.777,44.013,13.376,1230,POL,ST
161,THR,C,68.933,43.352,14.115,1231,POL,ST
161,THR,O,68.831,43.103,15.318,1232,POL,ST
161,THR,CB,66.506,43.204,13.657,1233,POL,ST
161,THR,OG1,66.399,42.15,12.693,1234,POL,ST
161,THR,CG2,65.28,44.098,13.579,1235,POL,ST
162,ILE,N,70.028,43.077,13.413,1236,HYP,IV
162,ILE,CA,71.168,42.426,14.046,1237,HYP,IV
162,ILE,C,71.709,43.242,15.222,1238,HYP,IV
162,ILE,O,71.766,44.468,15.175,1239,HYP,IV
162,ILE,CB,72.288,42.163,13.02,1240,HYP,IV
162,ILE,CG1,73.41,41.358,13.681,1241,HYP,IV
162,ILE,CG2,72.792,43.484,12.456,1242,HYP,IV
162,ILE,CD1,74.44,40.823,12.723,1243,HYP,IV
163,THR,N,72.099,42.558,16.289,1244,POL,ST
163,THR,CA,72.606,43.24,17.47,1245,POL,ST
163,THR,C,74.118,43.168,17.586,1246,POL,ST
163,THR,O,74.756,42.323,16.96,1247,POL,ST
163,THR,CB,71.994,42.652,18.755,1248,POL,ST
163,THR,OG1,72.31,41.258,18.842,1249,POL,ST
163,THR,CG2,70.483,42.819,18.751,1250,POL,ST
164,GLU,N,74.676,44.069,18.392,1251,POL,DE
164,GLU,CA,76.114,44.13,18.625,1252,POL,DE
164,GLU,C,76.576,42.795,19.192,1253,POL,DE
164,GLU,O,77.678,42.328,18.886,1254,POL,DE
164,GLU,CB,76.449,45.263,19.602,1255,POL,DE
164,GLU,CG,77.946,45.473,19.83,1256,POL,DE
164,GLU,CD,78.271,46.763,20.59,1257,POL,DE
164,GLU,OE1,79.476,47.057,20.775,1258,POL,DE
164,GLU,OE2,77.328,47.482,21.002,1259,POL,DE
165,GLU,N,75.722,42.176,20.009,1260,POL,DE
165,GLU,CA,76.043,40.885,20.609,1261,POL,DE
165,GLU,C,76.132,39.806,19.54,1262,POL,DE
165,GLU,O,77.075,39.019,19.529,1263,POL,DE
165,GLU,CB,75.0,40.495,21.665,1264,POL,DE
165,GLU,CG,75.098,41.266,22.986,1265,POL,DE
165,GLU,CD,74.565,42.701,22.911,1266,POL,DE
165,GLU,OE1,74.651,43.411,23.937,1267,POL,DE
165,GLU,OE2,74.058,43.127,21.849,1268,POL,DE
166,GLU,N,75.154,39.775,18.639,1269,POL,DE
166,GLU,CA,75.149,38.785,17.564,1270,POL,DE
166,GLU,C,76.331,38.981,16.615,1271,POL,DE
166,GLU,O,76.909,38.01,16.117,1272,POL,DE
166,GLU,CB,73.84,38.852,16.758,1273,POL,DE
166,GLU,CG,72.589,38.415,17.517,1274,POL,DE
166,GLU,CD,71.315,38.572,16.692,1275,POL,DE
166,GLU,OE1,71.132,39.65,16.088,1276,POL,DE
166,GLU,OE2,70.488,37.63,16.654,1277,POL,DE
167,LEU,N,76.681,40.236,16.352,1278,HYP,L
167,LEU,CA,77.795,40.525,15.459,1279,HYP,L
167,LEU,C,79.101,40.006,16.054,1280,HYP,L
167,LEU,O,79.892,39.351,15.365,1281,HYP,L
167,LEU,CB,77.906,42.027,15.212,1282,HYP,L
167,LEU,CG,79.02,42.472,14.257,1283,HYP,L
167,LEU,CD1,78.948,41.686,12.945,1284,HYP,L
167,LEU,CD2,78.882,43.966,13.993,1285,HYP,L
168,VAL,N,79.32,40.306,17.333,1286,HYP,IV
168,VAL,CA,80.523,39.862,18.021,1287,HYP,IV
168,VAL,C,80.542,38.347,18.009,1288,HYP,IV
168,VAL,O,81.602,37.722,17.934,1289,HYP,IV
168,VAL,CB,80.55,40.351,19.484,1290,HYP,IV
168,VAL,CG1,81.688,39.689,20.237,1291,HYP,IV
168,VAL,CG2,80.718,41.855,19.515,1292,HYP,IV
169,GLY,N,79.351,37.767,18.075,1293,GLY,G
169,GLY,CA,79.233,36.325,18.067,1294,GLY,G
169,GLY,C,79.663,35.716,16.748,1295,GLY,G
169,GLY,O,80.395,34.727,16.732,1296,GLY,G
170,LEU,N,79.213,36.303,15.64,1297,HYP,L
170,LEU,CA,79.555,35.811,14.31,1298,HYP,L
170,LEU,C,81.044,35.933,14.031,1299,HYP,L
170,LEU,O,81.643,35.038,13.445,1300,HYP,L
170,LEU,CB,78.767,36.576,13.245,1301,HYP,L
170,LEU,CG,77.266,36.276,13.164,1302,HYP,L
170,LEU,CD1,76.573,37.265,12.221,1303,HYP,L
170,LEU,CD2,77.067,34.847,12.677,1304,HYP,L
171,MET,N,81.642,37.044,14.446,1305,HYP,M
171,MET,CA,83.069,37.251,14.229,1306,HYP,M
171,MET,C,83.871,36.192,14.977,1307,HYP,M
171,MET,O,84.825,35.625,14.445,1308,HYP,M
171,MET,CB,83.487,38.649,14.7,1309,HYP,M
171,MET,CG,82.909,39.801,13.88,1310,HYP,M
171,MET,SD,83.481,39.846,12.153,1311,HYP,M
171,MET,CE,82.194,38.896,11.34,1312,HYP,M
172,ASN,N,83.471,35.93,16.215,1313,POL,N
172,ASN,CA,84.149,34.939,17.037,1314,POL,N
172,ASN,C,83.981,33.542,16.469,1315,POL,N
172,ASN,O,84.909,32.73,16.5,1316,POL,N
172,ASN,CB,83.625,35.007,18.472,1317,POL,N
172,ASN,CG,84.317,36.08,19.279,1318,POL,N
172,ASN,OD1,83.741,36.655,20.197,1319,POL,N
172,ASN,ND2,85.575,36.35,18.943,1320,POL,N
173,LYS,N,82.792,33.261,15.95,1321,POL,RK
173,LYS,CA,82.542,31.966,15.358,1322,POL,RK
173,LYS,C,83.52,31.772,14.207,1323,POL,RK
173,LYS,O,84.172,30.727,14.109,1324,POL,RK
173,LYS,CB,81.111,31.876,14.844,1325,POL,RK
173,LYS,CG,80.793,30.544,14.192,1326,POL,RK
173,LYS,CD,79.291,30.343,14.047,1327,POL,RK
173,LYS,CE,78.976,29.008,13.39,1328,POL,RK
173,LYS,NZ,79.518,28.959,12.0,1329,POL,RK
174,PHE,N,83.633,32.777,13.339,1330,HYP,FY
174,PHE,CA,84.55,32.665,12.218,1331,HYP,FY
174,PHE,C,85.928,32.21,12.669,1332,HYP,FY
174,PHE,O,86.559,31.379,12.016,1333,HYP,FY
174,PHE,CB,84.714,33.988,11.483,1334,HYP,FY
174,PHE,CG,85.805,33.957,10.454,1335,HYP,FY
174,PHE,CD1,85.747,33.059,9.388,1336,HYP,FY
174,PHE,CD2,86.905,34.796,10.561,1337,HYP,FY
174,PHE,CE1,86.768,32.995,8.446,1338,HYP,FY
174,PHE,CE2,87.935,34.744,9.624,1339,HYP,FY
174,PHE,CZ,87.867,33.841,8.564,1340,HYP,FY
175,VAL,N,86.404,32.762,13.778,1341,HYP,IV
175,VAL,CA,87.72,32.382,14.277,1342,HYP,IV
175,VAL,C,87.744,30.941,14.784,1343,HYP,IV
175,VAL,O,88.705,30.204,14.527,1344,HYP,IV
175,VAL,CB,88.189,33.332,15.39,1345,HYP,IV
175,VAL,CG1,89.6,32.98,15.809,1346,HYP,IV
175,VAL,CG2,88.13,34.765,14.89,1347,HYP,IV
176,GLU,N,86.694,30.534,15.498,1348,POL,DE
176,GLU,CA,86.624,29.165,16.0,1349,POL,DE
176,GLU,C,86.498,28.199,14.826,1350,POL,DE
176,GLU,O,87.09,27.121,14.833,1351,POL,DE
176,GLU,CB,85.435,28.981,16.951,1352,POL,DE
176,GLU,CG,85.679,29.509,18.357,1353,POL,DE
176,GLU,CD,86.926,28.905,19.009,1354,POL,DE
176,GLU,OE1,86.937,27.677,19.258,1355,POL,DE
176,GLU,OE2,87.896,29.659,19.268,1356,POL,DE
177,ASP,N,85.738,28.6,13.811,1357,POL,DE
177,ASP,CA,85.544,27.767,12.633,1358,POL,DE
177,ASP,C,86.838,27.493,11.854,1359,POL,DE
177,ASP,O,87.002,26.417,11.274,1360,POL,DE
177,ASP,CB,84.494,28.404,11.714,1361,POL,DE
177,ASP,CG,83.067,28.166,12.198,1362,POL,DE
177,ASP,OD1,82.889,27.68,13.335,1363,POL,DE
177,ASP,OD2,82.119,28.469,11.442,1364,POL,DE
178,THR,N,87.756,28.456,11.84,1365,POL,ST
178,THR,CA,89.014,28.284,11.118,1366,POL,ST
178,THR,C,89.996,27.422,11.893,1367,POL,ST
178,THR,O,90.729,26.63,11.3,1368,POL,ST
178,THR,CB,89.705,29.625,10.835,1369,POL,ST
178,THR,OG1,89.988,30.282,12.074,1370,POL,ST
178,THR,CG2,88.823,30.511,9.975,1371,POL,ST
179,LYS,N,90.023,27.577,13.214,1372,POL,RK
179,LYS,CA,90.936,26.777,14.014,1373,POL,RK
179,LYS,C,90.505,25.322,13.92,1374,POL,RK
179,LYS,O,91.342,24.425,13.911,1375,POL,RK
179,LYS,CB,90.952,27.232,15.475,1376,POL,RK
179,LYS,CG,89.873,26.631,16.34,1377,POL,RK
179,LYS,CD,90.141,26.938,17.799,1378,POL,RK
179,LYS,CE,91.501,26.395,18.229,1379,POL,RK
179,LYS,NZ,91.846,26.75,19.64,1380,POL,RK
180,ASN,N,89.196,25.096,13.835,1381,POL,N
180,ASN,CA,88.66,23.741,13.714,1382,POL,N
180,ASN,C,88.559,23.307,12.252,1383,POL,N
180,ASN,O,87.895,22.325,11.938,1384,POL,N
180,ASN,CB,87.28,23.64,14.372,1385,POL,N
180,ASN,CG,87.344,23.763,15.881,1386,POL,N
180,ASN,OD1,88.153,23.103,16.535,1387,POL,N
180,ASN,ND2,86.485,24.602,16.444,1388,POL,N
181,GLY,N,89.221,24.05,11.37,1389,GLY,G
181,GLY,CA,89.219,23.738,9.948,1390,GLY,G
181,GLY,C,87.887,23.356,9.325,1391,GLY,G
181,GLY,O,87.788,22.326,8.666,1392,GLY,G
182,VAL,N,86.866,24.187,9.51,1393,HYP,IV
182,VAL,CA,85.546,23.902,8.953,1394,HYP,IV
182,VAL,C,84.841,25.126,8.38,1395,HYP,IV
182,VAL,O,83.766,25.009,7.8,1396,HYP,IV
182,VAL,CB,84.614,23.283,10.021,1397,HYP,IV
182,VAL,CG1,85.103,21.903,10.397,1398,HYP,IV
182,VAL,CG2,84.557,24.181,11.257,1399,HYP,IV
183,HIS,N,85.448,26.295,8.539,1400,HYP,H
183,HIS,CA,84.845,27.536,8.068,1401,HYP,H
183,HIS,C,84.226,27.469,6.669,1402,HYP,H
183,HIS,O,83.356,28.274,6.339,1403,HYP,H
183,HIS,CB,85.866,28.673,8.11,1404,HYP,H
183,HIS,CG,86.894,28.597,7.029,1405,HYP,H
183,HIS,ND1,87.946,27.708,7.064,1406,HYP,H
183,HIS,CD2,87.014,29.283,5.868,1407,HYP,H
183,HIS,CE1,88.671,27.851,5.969,1408,HYP,H
183,HIS,NE2,88.128,28.8,5.228,1409,HYP,H
184,ARG,N,84.673,26.531,5.842,1410,POL,RK
184,ARG,CA,84.11,26.411,4.5,1411,POL,RK
184,ARG,C,82.822,25.593,4.536,1412,POL,RK
184,ARG,O,81.927,25.81,3.73,1413,POL,RK
184,ARG,CB,85.129,25.79,3.548,1414,POL,RK
184,ARG,CG,85.733,26.787,2.576,1415,POL,RK
184,ARG,CD,87.106,26.34,2.122,1416,POL,RK
184,ARG,NE,87.399,26.722,0.742,1417,POL,RK
184,ARG,CZ,88.56,26.491,0.136,1418,POL,RK
184,ARG,NH1,89.544,25.888,0.789,1419,POL,RK
184,ARG,NH2,88.736,26.838,-1.13,1420,POL,RK
185,LYS,N,82.735,24.657,5.477,1421,POL,RK
185,LYS,CA,81.535,23.839,5.651,1422,POL,RK
185,LYS,C,80.465,24.751,6.243,1423,POL,RK
185,LYS,O,79.273,24.51,6.097,1424,POL,RK
185,LYS,CB,81.802,22.682,6.624,1425,POL,RK
185,LYS,CG,82.191,21.351,5.976,1426,POL,RK
185,LYS,CD,80.973,20.613,5.427,1427,POL,RK
185,LYS,CE,81.341,19.258,4.824,1428,POL,RK
185,LYS,NZ,82.2,19.388,3.607,1429,POL,RK
186,GLU,N,80.913,25.803,6.921,1430,POL,DE
186,GLU,CA,80.012,26.765,7.537,1431,POL,DE
186,GLU,C,79.681,27.907,6.579,1432,POL,DE
186,GLU,O,79.009,28.864,6.954,1433,POL,DE
186,GLU,CB,80.638,27.302,8.821,1434,POL,DE
186,GLU,CG,80.793,26.237,9.88,1435,POL,DE
186,GLU,CD,79.454,25.761,10.425,1436,POL,DE
186,GLU,OE1,78.848,26.498,11.232,1437,POL,DE
186,GLU,OE2,79.0,24.658,10.042,1438,POL,DE
187,GLY,N,80.164,27.8,5.343,1439,GLY,G
187,GLY,CA,79.882,28.807,4.333,1440,GLY,G
187,GLY,C,80.535,30.162,4.508,1441,GLY,G
187,GLY,O,79.904,31.192,4.263,1442,GLY,G
188,TRP,N,81.799,30.162,4.923,1443,HYP,W
188,TRP,CA,82.548,31.396,5.125,1444,HYP,W
188,TRP,C,83.507,31.641,3.97,1445,HYP,W
188,TRP,O,83.884,30.716,3.249,1446,HYP,W
188,TRP,CB,83.393,31.334,6.398,1447,HYP,W
188,TRP,CG,82.672,31.417,7.698,1448,HYP,W
188,TRP,CD1,82.384,30.383,8.545,1449,HYP,W
188,TRP,CD2,82.241,32.611,8.364,1450,HYP,W
188,TRP,NE1,81.812,30.861,9.702,1451,HYP,W
188,TRP,CE2,81.71,32.224,9.616,1452,HYP,W
188,TRP,CE3,82.254,33.972,8.025,1453,HYP,W
188,TRP,CZ2,81.199,33.149,10.531,1454,HYP,W
188,TRP,CZ3,81.744,34.891,8.934,1455,HYP,W
188,TRP,CH2,81.224,34.475,10.174,1456,HYP,W
189,SER,N,83.905,32.899,3.814,1457,POL,ST
189,SER,CA,84.866,33.287,2.795,1458,POL,ST
189,SER,C,86.231,32.906,3.383,1459,POL,ST
189,SER,O,86.355,32.755,4.596,1460,POL,ST
189,SER,CB,84.779,34.798,2.559,1461,POL,ST
189,SER,OG,85.991,35.33,2.058,1462,POL,ST
190,ASP,N,87.239,32.73,2.531,1463,POL,DE
190,ASP,CA,88.584,32.378,2.988,1464,POL,DE
190,ASP,C,89.365,33.62,3.423,1465,POL,DE
190,ASP,O,90.416,33.511,4.057,1466,POL,DE
190,ASP,CB,89.367,31.683,1.867,1467,POL,DE
190,ASP,CG,88.991,30.216,1.696,1468,POL,DE
190,ASP,OD1,87.792,29.881,1.794,1469,POL,DE
190,ASP,OD2,89.903,29.395,1.44,1470,POL,DE
191,SER,N,88.85,34.798,3.083,1471,POL,ST
191,SER,CA,89.527,36.051,3.409,1472,POL,ST
191,SER,C,89.381,36.538,4.849,1473,POL,ST
191,SER,O,88.388,37.188,5.203,1474,POL,ST
191,SER,CB,89.058,37.152,2.465,1475,POL,ST
191,SER,OG,89.829,38.322,2.639,1476,POL,ST
192,THR,N,90.385,36.239,5.669,1477,POL,ST
192,THR,CA,90.383,36.663,7.063,1478,POL,ST
192,THR,C,90.277,38.192,7.148,1479,POL,ST
192,THR,O,89.493,38.733,7.921,1480,POL,ST
192,THR,CB,91.668,36.186,7.785,1481,POL,ST
192,THR,OG1,92.824,36.703,7.113,1482,POL,ST
192,THR,CG2,91.741,34.673,7.787,1483,POL,ST
193,TYR,N,91.066,38.882,6.336,1484,HYP,FY
193,TYR,CA,91.057,40.344,6.3,1485,HYP,FY
193,TYR,C,89.675,40.83,5.879,1486,HYP,FY
193,TYR,O,89.101,41.721,6.508,1487,HYP,FY
193,TYR,CB,92.104,40.84,5.298,1488,HYP,FY
193,TYR,CG,92.107,42.332,5.043,1489,HYP,FY
193,TYR,CD1,92.694,43.22,5.946,1490,HYP,FY
193,TYR,CD2,91.555,42.854,3.874,1491,HYP,FY
193,TYR,CE1,92.735,44.598,5.682,1492,HYP,FY
193,TYR,CE2,91.592,44.219,3.598,1493,HYP,FY
193,TYR,CZ,92.185,45.088,4.508,1494,HYP,FY
193,TYR,OH,92.216,46.437,4.225,1495,HYP,FY
194,GLY,N,89.146,40.225,4.815,1496,GLY,G
194,GLY,CA,87.834,40.596,4.309,1497,GLY,G
194,GLY,C,86.729,40.42,5.333,1498,GLY,G
194,GLY,O,85.868,41.287,5.499,1499,GLY,G
195,VAL,N,86.751,39.293,6.031,1500,HYP,IV
195,VAL,CA,85.739,39.02,7.039,1501,HYP,IV
195,VAL,C,85.777,40.035,8.178,1502,HYP,IV
195,VAL,O,84.739,40.367,8.745,1503,HYP,IV
195,VAL,CB,85.914,37.605,7.621,1504,HYP,IV
195,VAL,CG1,85.025,37.422,8.851,1505,HYP,IV
195,VAL,CG2,85.568,36.576,6.564,1506,HYP,IV
196,THR,N,86.969,40.523,8.521,1507,POL,ST
196,THR,CA,87.068,41.491,9.606,1508,POL,ST
196,THR,C,86.47,42.824,9.156,1509,POL,ST
196,THR,O,85.879,43.553,9.963,1510,POL,ST
196,THR,CB,88.547,41.714,10.09,1511,POL,ST
196,THR,OG1,89.282,42.458,9.116,1512,POL,ST
196,THR,CG2,89.238,40.394,10.313,1513,POL,ST
197,LYS,N,86.614,43.129,7.864,1514,POL,RK
197,LYS,CA,86.077,44.378,7.328,1515,POL,RK
197,LYS,C,84.565,44.321,7.272,1516,POL,RK
197,LYS,O,83.898,45.345,7.393,1517,POL,RK
197,LYS,CB,86.671,44.684,5.954,1518,POL,RK
197,LYS,CG,88.134,45.098,6.04,1519,POL,RK
197,LYS,CD,88.3,46.27,7.015,1520,POL,RK
197,LYS,CE,89.76,46.659,7.193,1521,POL,RK
197,LYS,NZ,89.91,47.996,7.859,1522,POL,RK
198,ILE,N,84.032,43.117,7.096,1523,HYP,IV
198,ILE,CA,82.593,42.922,7.1,1524,HYP,IV
198,ILE,C,82.145,43.396,8.477,1525,HYP,IV
198,ILE,O,81.236,44.22,8.614,1526,HYP,IV
198,ILE,CB,82.232,41.432,6.985,1527,HYP,IV
198,ILE,CG1,82.607,40.919,5.602,1528,HYP,IV
198,ILE,CG2,80.75,41.22,7.287,1529,HYP,IV
198,ILE,CD1,82.196,39.486,5.357,1530,HYP,IV
199,GLY,N,82.82,42.865,9.494,1531,GLY,G
199,GLY,CA,82.503,43.199,10.869,1532,GLY,G
199,GLY,C,82.58,44.681,11.172,1533,GLY,G
199,GLY,O,81.748,45.208,11.906,1534,GLY,G
200,VAL,N,83.592,45.35,10.633,1535,HYP,IV
200,VAL,CA,83.734,46.783,10.848,1536,HYP,IV
200,VAL,C,82.552,47.51,10.216,1537,HYP,IV
200,VAL,O,81.958,48.405,10.819,1538,HYP,IV
200,VAL,CB,85.053,47.319,10.23,1539,HYP,IV
200,VAL,CG1,85.051,48.853,10.22,1540,HYP,IV
200,VAL,CG2,86.236,46.806,11.025,1541,HYP,IV
201,SER,N,82.199,47.11,8.999,1542,POL,ST
201,SER,CA,81.093,47.743,8.3,1543,POL,ST
201,SER,C,79.738,47.5,8.932,1544,POL,ST
201,SER,O,78.927,48.419,9.037,1545,POL,ST
201,SER,CB,81.065,47.29,6.85,1546,POL,ST
201,SER,OG,82.078,47.958,6.131,1547,POL,ST
202,VAL,N,79.479,46.267,9.349,1548,HYP,IV
202,VAL,CA,78.195,45.98,9.971,1549,HYP,IV
202,VAL,C,78.155,46.657,11.332,1550,HYP,IV
202,VAL,O,77.114,47.142,11.767,1551,HYP,IV
202,VAL,CB,77.965,44.472,10.154,1552,HYP,IV
202,VAL,CG1,76.633,44.253,10.86,1553,HYP,IV
202,VAL,CG2,77.981,43.764,8.794,1554,HYP,IV
203,LEU,N,79.301,46.694,11.998,1555,HYP,L
203,LEU,CA,79.382,47.331,13.298,1556,HYP,L
203,LEU,C,78.966,48.793,13.178,1557,HYP,L
203,LEU,O,78.235,49.306,14.02,1558,HYP,L
203,LEU,CB,80.804,47.246,13.846,1559,HYP,L
203,LEU,CG,80.978,47.772,15.273,1560,HYP,L
203,LEU,CD1,80.092,46.963,16.227,1561,HYP,L
203,LEU,CD2,82.438,47.676,15.685,1562,HYP,L
204,SER,N,79.426,49.456,12.12,1563,POL,ST
204,SER,CA,79.097,50.86,11.905,1564,POL,ST
204,SER,C,77.594,51.049,11.764,1565,POL,ST
204,SER,O,77.034,52.011,12.285,1566,POL,ST
204,SER,CB,79.816,51.386,10.66,1567,POL,ST
204,SER,OG,81.218,51.22,10.8,1568,POL,ST
205,ARG,N,76.947,50.131,11.056,1569,POL,RK
205,ARG,CA,75.504,50.177,10.874,1570,POL,RK
205,ARG,C,74.857,50.157,12.257,1571,POL,RK
205,ARG,O,74.08,51.047,12.621,1572,POL,RK
205,ARG,CB,75.033,48.952,10.096,1573,POL,RK
205,ARG,CG,75.746,48.716,8.772,1574,POL,RK
205,ARG,CD,75.006,49.322,7.572,1575,POL,RK
205,ARG,NE,73.668,48.758,7.363,1576,POL,RK
205,ARG,CZ,73.396,47.458,7.272,1577,POL,RK
205,ARG,NH1,72.145,47.054,7.078,1578,POL,RK
205,ARG,NH2,74.367,46.559,7.384,1579,POL,RK
206,ILE,N,75.196,49.125,13.023,1580,HYP,IV
206,ILE,CA,74.668,48.944,14.373,1581,HYP,IV
206,ILE,C,74.891,50.176,15.243,1582,HYP,IV
206,ILE,O,73.998,50.586,15.974,1583,HYP,IV
206,ILE,CB,75.313,47.705,15.067,1584,HYP,IV
206,ILE,CG1,74.876,46.42,14.346,1585,HYP,IV
206,ILE,CG2,74.941,47.679,16.544,1586,HYP,IV
206,ILE,CD1,75.469,45.142,14.903,1587,HYP,IV
207,TYR,N,76.085,50.759,15.164,1588,HYP,FY
207,TYR,CA,76.398,51.942,15.958,1589,HYP,FY
207,TYR,C,75.543,53.129,15.55,1590,HYP,FY
207,TYR,O,75.14,53.927,16.391,1591,HYP,FY
207,TYR,CB,77.879,52.312,15.829,1592,HYP,FY
207,TYR,CG,78.817,51.472,16.681,1593,HYP,FY
207,TYR,CD1,78.361,50.825,17.828,1594,HYP,FY
207,TYR,CD2,80.176,51.386,16.381,1595,HYP,FY
207,TYR,CE1,79.231,50.122,18.657,1596,HYP,FY
207,TYR,CE2,81.057,50.686,17.207,1597,HYP,FY
207,TYR,CZ,80.576,50.061,18.346,1598,HYP,FY
207,TYR,OH,81.44,49.408,19.196,1599,HYP,FY
208,ALA,N,75.26,53.236,14.256,1600,POL,A
208,ALA,CA,74.45,54.334,13.742,1601,POL,A
208,ALA,C,73.036,54.32,14.319,1602,POL,A
208,ALA,O,72.436,55.379,14.552,1603,POL,A
208,ALA,CB,74.397,54.269,12.223,1604,POL,A
209,ARG,N,72.505,53.12,14.551,1605,POL,RK
209,ARG,CA,71.163,52.989,15.106,1606,POL,RK
209,ARG,C,71.143,53.364,16.572,1607,POL,RK
209,ARG,O,70.267,54.106,17.017,1608,POL,RK
209,ARG,CB,70.635,51.563,14.965,1609,POL,RK
209,ARG,CG,70.429,51.1,13.541,1610,POL,RK
209,ARG,CD,69.394,49.984,13.497,1611,POL,RK
209,ARG,NE,69.703,48.901,14.431,1612,POL,RK
209,ARG,CZ,70.492,47.866,14.153,1613,POL,RK
209,ARG,NH1,71.063,47.757,12.955,1614,POL,RK
209,ARG,NH2,70.712,46.938,15.078,1615,POL,RK
210,LYS,N,72.113,52.846,17.318,1616,POL,RK
210,LYS,CA,72.2,53.111,18.743,1617,POL,RK
210,LYS,C,72.324,54.598,19.004,1618,POL,RK
210,LYS,O,71.766,55.121,19.965,1619,POL,RK
210,LYS,CB,73.388,52.369,19.347,1620,POL,RK
210,LYS,CG,73.23,50.856,19.366,1621,POL,RK
210,LYS,CD,74.236,50.225,20.315,1622,POL,RK
210,LYS,CE,73.924,48.763,20.585,1623,POL,RK
210,LYS,NZ,74.811,48.207,21.643,1624,POL,RK
211,LEU,N,73.05,55.287,18.136,1625,HYP,L
211,LEU,CA,73.227,56.719,18.301,1626,HYP,L
211,LEU,C,71.9,57.459,18.151,1627,HYP,L
211,LEU,O,71.579,58.324,18.956,1628,HYP,L
211,LEU,CB,74.257,57.241,17.297,1629,HYP,L
211,LEU,CG,75.694,56.826,17.624,1630,HYP,L
211,LEU,CD1,76.627,57.229,16.501,1631,HYP,L
211,LEU,CD2,76.112,57.466,18.932,1632,HYP,L
212,ARG,N,71.126,57.118,17.128,1633,POL,RK
212,ARG,CA,69.838,57.765,16.923,1634,POL,RK
212,ARG,C,68.812,57.255,17.917,1635,POL,RK
212,ARG,O,67.786,57.887,18.152,1636,POL,RK
212,ARG,CB,69.349,57.545,15.493,1637,POL,RK
212,ARG,CG,70.032,58.483,14.534,1638,POL,RK
212,ARG,CD,69.405,58.488,13.17,1639,POL,RK
212,ARG,NE,69.802,59.697,12.456,1640,POL,RK
212,ARG,CZ,69.638,59.891,11.151,1641,POL,RK
212,ARG,NH1,70.032,61.035,10.602,1642,POL,RK
212,ARG,NH2,69.095,58.944,10.393,1643,POL,RK
213,GLU,N,69.104,56.106,18.51,1644,POL,DE
213,GLU,CA,68.218,55.505,19.494,1645,POL,DE
213,GLU,C,68.532,56.05,20.885,1646,POL,DE
213,GLU,O,67.644,56.169,21.725,1647,POL,DE
213,GLU,CB,68.378,53.978,19.466,1648,POL,DE
213,GLU,CG,67.761,53.244,20.642,1649,POL,DE
213,GLU,CD,67.89,51.734,20.528,1650,POL,DE
213,GLU,OE1,67.168,51.124,19.715,1651,POL,DE
213,GLU,OE2,68.722,51.154,21.252,1652,POL,DE
214,GLN,N,69.79,56.41,21.116,1653,POL,Q
214,GLN,CA,70.2,56.912,22.421,1654,POL,Q
214,GLN,C,70.736,58.347,22.449,1655,POL,Q
214,GLN,O,71.09,58.843,23.523,1656,POL,Q
214,GLN,CB,71.265,55.988,23.014,1657,POL,Q
214,GLN,CG,70.965,54.51,22.871,1658,POL,Q
214,GLN,CD,72.083,53.642,23.413,1659,POL,Q
214,GLN,OE1,72.091,52.425,23.222,1660,POL,Q
214,GLN,NE2,73.035,54.266,24.098,1661,POL,Q
215,ARG,N,70.807,59.014,21.298,1662,POL,RK
215,ARG,CA,71.324,60.382,21.254,1663,POL,RK
215,ARG,C,70.871,61.157,20.019,1664,POL,RK
215,ARG,O,71.611,61.997,19.508,1665,POL,RK
215,ARG,CB,72.858,60.365,21.285,1666,POL,RK
215,ARG,CG,73.463,59.579,22.435,1667,POL,RK
215,ARG,CD,74.975,59.721,22.497,1668,POL,RK
215,ARG,NE,75.392,61.106,22.689,1669,POL,RK
215,ARG,CZ,76.659,61.502,22.771,1670,POL,RK
215,ARG,NH1,77.642,60.617,22.682,1671,POL,RK
215,ARG,NH2,76.941,62.79,22.926,1672,POL,RK
216,ALA,N,69.657,60.884,19.551,1673,POL,A
216,ALA,CA,69.111,61.535,18.355,1674,POL,A
216,ALA,C,69.293,63.055,18.307,1675,POL,A
216,ALA,O,69.513,63.635,17.233,1676,POL,A
216,ALA,CB,67.632,61.188,18.212,1677,POL,A
217,GLY,N,69.2,63.694,19.472,1678,GLY,G
217,GLY,CA,69.343,65.136,19.532,1679,GLY,G
217,GLY,C,70.762,65.654,19.384,1680,GLY,G
217,GLY,O,70.96,66.836,19.098,1681,GLY,G
218,ASP,N,71.753,64.783,19.56,1682,POL,DE
218,ASP,CA,73.149,65.205,19.463,1683,POL,DE
218,ASP,C,73.72,65.365,18.056,1684,POL,DE
218,ASP,O,74.9,65.679,17.892,1685,POL,DE
218,ASP,CB,74.04,64.271,20.287,1686,POL,DE
218,ASP,CG,73.793,64.409,21.783,1687,POL,DE
218,ASP,OD1,73.558,65.548,22.243,1688,POL,DE
218,ASP,OD2,73.842,63.388,22.499,1689,POL,DE
219,LYS,N,72.881,65.154,17.046,1690,POL,RK
219,LYS,CA,73.29,65.315,15.651,1691,POL,RK
219,LYS,C,74.649,64.696,15.323,1692,POL,RK
219,LYS,O,75.455,65.309,14.621,1693,POL,RK
219,LYS,CB,73.335,66.807,15.295,1694,POL,RK
219,LYS,CG,72.055,67.587,15.591,1695,POL,RK
219,LYS,CD,70.948,67.244,14.612,1696,POL,RK
219,LYS,CE,69.687,68.054,14.892,1697,POL,RK
219,LYS,NZ,68.604,67.723,13.919,1698,POL,RK
220,ILE,N,74.914,63.495,15.824,1699,HYP,IV
220,ILE,CA,76.187,62.845,15.539,1700,HYP,IV
220,ILE,C,76.089,61.993,14.276,1701,HYP,IV
220,ILE,O,75.106,61.281,14.069,1702,HYP,IV
220,ILE,CB,76.635,61.945,16.699,1703,HYP,IV
220,ILE,CG1,76.83,62.784,17.962,1704,HYP,IV
220,ILE,CG2,77.928,61.23,16.324,1705,HYP,IV
220,ILE,CD1,77.151,61.971,19.193,1706,HYP,IV
221,LEU,N,77.106,62.071,13.428,1707,HYP,L
221,LEU,CA,77.113,61.3,12.192,1708,HYP,L
221,LEU,C,78.258,60.3,12.182,1709,HYP,L
221,LEU,O,79.406,60.652,12.454,1710,HYP,L
221,LEU,CB,77.214,62.238,10.99,1711,HYP,L
221,LEU,CG,75.981,63.133,10.826,1712,HYP,L
221,LEU,CD1,76.202,64.13,9.694,1713,HYP,L
221,LEU,CD2,74.761,62.27,10.557,1714,HYP,L
222,LEU,N,77.935,59.05,11.867,1715,HYP,L
222,LEU,CA,78.928,57.984,11.83,1716,HYP,L
222,LEU,C,78.784,57.136,10.559,1717,HYP,L
222,LEU,O,77.681,56.74,10.184,1718,HYP,L
222,LEU,CB,78.773,57.126,13.091,1719,HYP,L
222,LEU,CG,79.76,56.003,13.401,1720,HYP,L
222,LEU,CD1,79.766,55.773,14.906,1721,HYP,L
222,LEU,CD2,79.384,54.728,12.653,1722,HYP,L
223,ASN,N,79.903,56.873,9.889,1723,POL,N
223,ASN,CA,79.888,56.074,8.662,1724,POL,N
223,ASN,C,81.163,55.263,8.509,1725,POL,N
223,ASN,O,82.203,55.6,9.08,1726,POL,N
223,ASN,CB,79.764,56.97,7.421,1727,POL,N
223,ASN,CG,78.467,57.748,7.381,1728,POL,N
223,ASN,OD1,77.428,57.234,6.954,1729,POL,N
223,ASN,ND2,78.521,58.997,7.829,1730,POL,N
224,ALA,N,81.065,54.201,7.715,1731,POL,A
224,ALA,CA,82.186,53.325,7.402,1732,POL,A
224,ALA,C,82.571,53.695,5.976,1733,POL,A
224,ALA,O,81.753,54.239,5.238,1734,POL,A
224,ALA,CB,81.745,51.876,7.464,1735,POL,A
225,CYS,N,83.8,53.407,5.569,1736,HYP,C
225,CYS,CA,84.196,53.759,4.209,1737,HYP,C
225,CYS,C,85.406,52.994,3.708,1738,HYP,C
225,CYS,O,86.11,52.344,4.482,1739,HYP,C
225,CYS,CB,84.506,55.255,4.133,1740,HYP,C
225,CYS,SG,86.07,55.722,4.924,1741,HYP,C
226,CYS,N,85.628,53.064,2.4,1742,HYP,C
226,CYS,CA,86.801,52.441,1.789,1743,HYP,C
226,CYS,C,87.551,53.558,1.067,1744,HYP,C
226,CYS,O,86.988,54.247,0.226,1745,HYP,C
226,CYS,CB,86.423,51.35,0.781,1746,HYP,C
226,CYS,SG,87.879,50.62,-0.055,1747,HYP,C
227,PRO,N,88.829,53.759,1.405,1748,PRO,P
227,PRO,CA,89.674,54.794,0.799,1749,PRO,P
227,PRO,C,90.218,54.455,-0.602,1750,PRO,P
227,PRO,O,90.881,55.283,-1.233,1751,PRO,P
227,PRO,CB,90.795,54.938,1.819,1752,PRO,P
227,PRO,CG,90.978,53.524,2.267,1753,PRO,P
227,PRO,CD,89.552,53.067,2.485,1754,PRO,P
228,GLY,N,89.938,53.247,-1.082,1755,GLY,G
228,GLY,CA,90.434,52.844,-2.386,1756,GLY,G
228,GLY,C,91.748,52.1,-2.248,1757,GLY,G
228,GLY,O,92.231,51.904,-1.134,1758,GLY,G
229,TRP,N,92.326,51.673,-3.368,1759,HYP,W
229,TRP,CA,93.599,50.961,-3.34,1760,HYP,W
229,TRP,C,94.716,52.009,-3.285,1761,HYP,W
229,TRP,O,94.965,52.709,-4.258,1762,HYP,W
229,TRP,CB,93.718,50.069,-4.577,1763,HYP,W
229,TRP,CG,94.9,49.167,-4.559,1764,HYP,W
229,TRP,CD1,95.577,48.718,-3.46,1765,HYP,W
229,TRP,CD2,95.544,48.577,-5.695,1766,HYP,W
229,TRP,NE1,96.606,47.889,-3.843,1767,HYP,W
229,TRP,CE2,96.606,47.785,-5.208,1768,HYP,W
229,TRP,CE3,95.325,48.641,-7.076,1769,HYP,W
229,TRP,CZ2,97.451,47.061,-6.057,1770,HYP,W
229,TRP,CZ3,96.164,47.924,-7.918,1771,HYP,W
229,TRP,CH2,97.215,47.144,-7.405,1772,HYP,W
230,VAL,N,95.389,52.114,-2.142,1773,HYP,IV
230,VAL,CA,96.422,53.135,-1.959,1774,HYP,IV
230,VAL,C,97.839,52.621,-1.699,1775,HYP,IV
230,VAL,O,98.031,51.548,-1.126,1776,HYP,IV
230,VAL,CB,95.994,54.099,-0.826,1777,HYP,IV
230,VAL,CG1,96.998,55.229,-0.661,1778,HYP,IV
230,VAL,CG2,94.626,54.664,-1.145,1779,HYP,IV
231,ARG,N,98.826,53.403,-2.134,1780,POL,RK
231,ARG,CA,100.233,53.046,-1.986,1781,POL,RK
231,ARG,C,100.745,53.187,-0.56,1782,POL,RK
231,ARG,O,101.181,54.259,-0.144,1783,POL,RK
231,ARG,CB,101.09,53.896,-2.932,1784,POL,RK
231,ARG,CG,101.984,53.075,-3.86,1785,POL,RK
231,ARG,CD,102.718,53.931,-4.9,1786,POL,RK
231,ARG,NE,101.81,54.716,-5.739,1787,POL,RK
231,ARG,CZ,101.593,56.022,-5.594,1788,POL,RK
231,ARG,NH1,100.748,56.647,-6.402,1789,POL,RK
231,ARG,NH2,102.229,56.708,-4.649,1790,POL,RK
232,THR,N,100.7,52.09,0.185,1791,POL,ST
232,THR,CA,101.158,52.083,1.569,1792,POL,ST
232,THR,C,101.837,50.751,1.807,1793,POL,ST
232,THR,O,101.95,49.935,0.895,1794,POL,ST
232,THR,CB,99.984,52.158,2.552,1795,POL,ST
232,THR,OG1,99.23,50.946,2.452,1796,POL,ST
232,THR,CG2,99.073,53.33,2.232,1797,POL,ST
233,ASP,N,102.281,50.522,3.037,1798,POL,DE
233,ASP,CA,102.904,49.249,3.356,1799,POL,DE
233,ASP,C,101.849,48.151,3.209,1800,POL,DE
233,ASP,O,102.173,46.992,2.943,1801,POL,DE
233,ASP,CB,103.452,49.249,4.784,1802,POL,DE
233,ASP,CG,104.652,50.145,4.94,1803,POL,DE
233,ASP,OD1,105.451,50.227,3.988,1804,POL,DE
233,ASP,OD2,104.811,50.756,6.012,1805,POL,DE
234,MET,N,100.585,48.518,3.38,1806,HYP,M
234,MET,CA,99.516,47.538,3.255,1807,HYP,M
234,MET,C,99.087,47.408,1.803,1808,HYP,M
234,MET,O,98.869,46.303,1.311,1809,HYP,M
234,MET,CB,98.305,47.933,4.107,1810,HYP,M
234,MET,CG,97.193,46.879,4.116,1811,HYP,M
234,MET,SD,95.766,47.313,5.131,1812,HYP,M
234,MET,CE,96.414,46.984,6.777,1813,HYP,M
235,GLY,N,98.986,48.546,1.124,1814,GLY,G
235,GLY,CA,98.558,48.56,-0.264,1815,GLY,G
235,GLY,C,99.545,48.036,-1.288,1816,GLY,G
235,GLY,O,99.141,47.504,-2.321,1817,GLY,G
236,GLY,N,100.837,48.174,-1.008,1818,GLY,G
236,GLY,CA,101.84,47.713,-1.952,1819,GLY,G
236,GLY,C,102.208,48.822,-2.923,1820,GLY,G
236,GLY,O,101.503,49.827,-2.999,1821,GLY,G
237,PRO,N,103.302,48.666,-3.688,1822,PRO,P
237,PRO,CA,103.783,49.654,-4.663,1823,PRO,P
237,PRO,C,102.939,49.883,-5.921,1824,PRO,P
237,PRO,O,103.02,50.947,-6.527,1825,PRO,P
237,PRO,CB,105.178,49.14,-5.014,1826,PRO,P
237,PRO,CG,105.574,48.336,-3.813,1827,PRO,P
237,PRO,CD,104.306,47.607,-3.496,1828,PRO,P
238,LYS,N,102.139,48.901,-6.318,1829,POL,RK
238,LYS,CA,101.327,49.04,-7.526,1830,POL,RK
238,LYS,C,100.104,49.933,-7.349,1831,POL,RK
238,LYS,O,99.526,50.397,-8.332,1832,POL,RK
238,LYS,CB,100.855,47.669,-8.019,1833,POL,RK
238,LYS,CG,101.952,46.687,-8.399,1834,POL,RK
238,LYS,CD,102.638,47.048,-9.706,1835,POL,RK
238,LYS,CE,103.63,45.954,-10.109,1836,POL,RK
238,LYS,NZ,104.532,46.359,-11.239,1837,POL,RK
239,ALA,N,99.703,50.162,-6.102,1838,POL,A
239,ALA,CA,98.529,50.98,-5.813,1839,POL,A
239,ALA,C,98.507,52.256,-6.653,1840,POL,A
239,ALA,O,99.486,52.996,-6.713,1841,POL,A
239,ALA,CB,98.483,51.315,-4.337,1842,POL,A
240,PRO,N,97.376,52.525,-7.316,1843,PRO,P
240,PRO,CA,97.209,53.708,-8.166,1844,PRO,P
240,PRO,C,97.224,55.054,-7.442,1845,PRO,P
240,PRO,O,97.858,55.998,-7.907,1846,PRO,P
240,PRO,CB,95.884,53.437,-8.876,1847,PRO,P
240,PRO,CG,95.106,52.688,-7.842,1848,PRO,P
240,PRO,CD,96.139,51.726,-7.278,1849,PRO,P
241,LYS,N,96.54,55.155,-6.309,1850,POL,RK
241,LYS,CA,96.517,56.428,-5.605,1851,POL,RK
241,LYS,C,97.464,56.525,-4.412,1852,POL,RK
241,LYS,O,97.791,55.528,-3.761,1853,POL,RK
241,LYS,CB,95.075,56.787,-5.187,1854,POL,RK
241,LYS,CG,94.275,55.638,-4.597,1855,POL,RK
241,LYS,CD,92.776,55.715,-4.951,1856,POL,RK
241,LYS,CE,92.017,56.768,-4.141,1857,POL,RK
241,LYS,NZ,90.534,56.642,-4.323,1858,POL,RK
242,SER,N,97.916,57.75,-4.161,1859,POL,ST
242,SER,CA,98.813,58.056,-3.061,1860,POL,ST
242,SER,C,97.987,58.298,-1.805,1861,POL,ST
242,SER,O,96.77,58.509,-1.88,1862,POL,ST
242,SER,CB,99.602,59.316,-3.38,1863,POL,ST
242,SER,OG,98.714,60.377,-3.68,1864,POL,ST
243,PRO,N,98.642,58.269,-0.63,1865,PRO,P
243,PRO,CA,97.981,58.49,0.655,1866,PRO,P
243,PRO,C,97.193,59.799,0.68,1867,PRO,P
243,PRO,O,96.077,59.853,1.201,1868,PRO,P
243,PRO,CB,99.147,58.486,1.633,1869,PRO,P
243,PRO,CG,100.038,57.456,1.045,1870,PRO,P
243,PRO,CD,100.032,57.818,-0.424,1871,PRO,P
244,GLU,N,97.778,60.849,0.112,1872,POL,DE
244,GLU,CA,97.137,62.159,0.061,1873,POL,DE
244,GLU,C,95.74,62.025,-0.533,1874,POL,DE
244,GLU,O,94.777,62.601,-0.031,1875,POL,DE
244,GLU,CB,97.975,63.116,-0.794,1876,POL,DE
244,GLU,CG,99.356,63.465,-0.212,1877,POL,DE
244,GLU,CD,100.188,62.239,0.202,1878,POL,DE
244,GLU,OE1,100.43,61.348,-0.646,1879,POL,DE
244,GLU,OE2,100.607,62.172,1.387,1880,POL,DE
245,VAL,N,95.643,61.246,-1.603,1881,HYP,IV
245,VAL,CA,94.382,61.021,-2.286,1882,HYP,IV
245,VAL,C,93.499,60.041,-1.518,1883,HYP,IV
245,VAL,O,92.291,60.25,-1.396,1884,HYP,IV
245,VAL,CB,94.626,60.456,-3.694,1885,HYP,IV
245,VAL,CG1,93.332,60.417,-4.476,1886,HYP,IV
245,VAL,CG2,95.662,61.289,-4.407,1887,HYP,IV
246,GLY,N,94.107,58.972,-1.006,1888,GLY,G
246,GLY,CA,93.354,57.972,-0.269,1889,GLY,G
246,GLY,C,92.611,58.517,0.941,1890,GLY,G
246,GLY,O,91.55,58.004,1.311,1891,GLY,G
247,ALA,N,93.163,59.559,1.555,1892,POL,A
247,ALA,CA,92.56,60.172,2.731,1893,POL,A
247,ALA,C,91.401,61.111,2.389,1894,POL,A
247,ALA,O,90.819,61.731,3.279,1895,POL,A
247,ALA,CB,93.627,60.933,3.511,1896,POL,A
248,GLU,N,91.055,61.205,1.106,1897,POL,DE
248,GLU,CA,89.981,62.097,0.676,1898,POL,DE
248,GLU,C,88.591,61.8,1.226,1899,POL,DE
248,GLU,O,88.012,62.643,1.903,1900,POL,DE
248,GLU,CB,89.935,62.188,-0.856,1901,POL,DE
248,GLU,CG,91.053,63.059,-1.424,1902,POL,DE
248,GLU,CD,90.867,63.41,-2.893,1903,POL,DE
248,GLU,OE1,91.745,64.112,-3.448,1904,POL,DE
248,GLU,OE2,89.851,62.991,-3.494,1905,POL,DE
249,THR,N,88.053,60.618,0.941,1906,POL,ST
249,THR,CA,86.727,60.256,1.434,1907,POL,ST
249,THR,C,86.648,60.314,2.966,1908,POL,ST
249,THR,O,85.697,60.873,3.512,1909,POL,ST
249,THR,CB,86.3,58.855,0.933,1910,POL,ST
249,THR,OG1,86.053,58.914,-0.481,1911,POL,ST
249,THR,CG2,85.039,58.379,1.651,1912,POL,ST
250,PRO,N,87.646,59.744,3.676,1913,PRO,P
250,PRO,CA,87.653,59.761,5.146,1914,PRO,P
250,PRO,C,87.558,61.173,5.725,1915,PRO,P
250,PRO,O,86.747,61.439,6.612,1916,PRO,P
250,PRO,CB,88.985,59.102,5.49,1917,PRO,P
250,PRO,CG,89.155,58.118,4.394,1918,PRO,P
250,PRO,CD,88.742,58.899,3.167,1919,PRO,P
251,VAL,N,88.403,62.069,5.226,1920,HYP,IV
251,VAL,CA,88.42,63.448,5.703,1921,HYP,IV
251,VAL,C,87.059,64.072,5.43,1922,HYP,IV
251,VAL,O,86.49,64.76,6.279,1923,HYP,IV
251,VAL,CB,89.539,64.277,4.992,1924,HYP,IV
251,VAL,CG1,89.323,65.764,5.227,1925,HYP,IV
251,VAL,CG2,90.919,63.846,5.506,1926,HYP,IV
252,TYR,N,86.543,63.82,4.234,1927,HYP,FY
252,TYR,CA,85.242,64.335,3.835,1928,HYP,FY
252,TYR,C,84.189,63.941,4.872,1929,HYP,FY
252,TYR,O,83.413,64.782,5.324,1930,HYP,FY
252,TYR,CB,84.881,63.783,2.452,1931,HYP,FY
252,TYR,CG,83.406,63.791,2.132,1932,HYP,FY
252,TYR,CD1,82.753,64.965,1.742,1933,HYP,FY
252,TYR,CD2,82.657,62.619,2.229,1934,HYP,FY
252,TYR,CE1,81.389,64.966,1.454,1935,HYP,FY
252,TYR,CE2,81.299,62.61,1.949,1936,HYP,FY
252,TYR,CZ,80.669,63.781,1.563,1937,HYP,FY
252,TYR,OH,79.319,63.754,1.294,1938,HYP,FY
253,LEU,N,84.185,62.666,5.256,1939,HYP,L
253,LEU,CA,83.238,62.137,6.238,1940,HYP,L
253,LEU,C,83.472,62.721,7.618,1941,HYP,L
253,LEU,O,82.564,62.784,8.444,1942,HYP,L
253,LEU,CB,83.349,60.615,6.315,1943,HYP,L
253,LEU,CG,82.788,59.873,5.099,1944,HYP,L
253,LEU,CD1,83.1,58.384,5.19,1945,HYP,L
253,LEU,CD2,81.283,60.115,5.028,1946,HYP,L
254,ALA,N,84.699,63.149,7.866,1947,POL,A
254,ALA,CA,85.036,63.729,9.152,1948,POL,A
254,ALA,C,84.579,65.176,9.248,1949,POL,A
254,ALA,O,84.203,65.637,10.321,1950,POL,A
254,ALA,CB,86.539,63.648,9.379,1951,POL,A
255,LEU,N,84.594,65.887,8.125,1952,HYP,L
255,LEU,CA,84.217,67.294,8.129,1953,HYP,L
255,LEU,C,82.8,67.62,7.701,1954,HYP,L
255,LEU,O,82.492,68.779,7.434,1955,HYP,L
255,LEU,CB,85.188,68.092,7.262,1956,HYP,L
255,LEU,CG,86.651,67.965,7.672,1957,HYP,L
255,LEU,CD1,87.524,68.785,6.716,1958,HYP,L
255,LEU,CD2,86.821,68.424,9.119,1959,HYP,L
256,LEU,N,81.935,66.62,7.624,1960,HYP,L
256,LEU,CA,80.565,66.89,7.229,1961,HYP,L
256,LEU,C,80.106,68.095,8.035,1962,HYP,L
256,LEU,O,80.167,68.09,9.259,1963,HYP,L
256,LEU,CB,79.685,65.674,7.5,1964,HYP,L
256,LEU,CG,80.064,64.485,6.61,1965,HYP,L
256,LEU,CD1,79.253,63.261,6.988,1966,HYP,L
256,LEU,CD2,79.834,64.85,5.152,1967,HYP,L
257,PRO,N,79.651,69.154,7.346,1968,PRO,P
257,PRO,CA,79.182,70.401,7.96,1969,PRO,P
257,PRO,C,78.151,70.218,9.061,1970,PRO,P
257,PRO,O,77.347,69.286,9.022,1971,PRO,P
257,PRO,CB,78.624,71.177,6.769,1972,PRO,P
257,PRO,CG,78.09,70.091,5.902,1973,PRO,P
257,PRO,CD,79.227,69.093,5.935,1974,PRO,P
258,SER,N,78.18,71.122,10.037,1975,POL,ST
258,SER,CA,77.244,71.077,11.153,1976,POL,ST
258,SER,C,75.806,71.014,10.645,1977,POL,ST
258,SER,O,75.439,71.699,9.681,1978,POL,ST
258,SER,CB,77.431,72.301,12.042,1979,POL,ST
258,SER,OG,78.749,72.333,12.558,1980,POL,ST
259,ASP,N,74.998,70.191,11.308,1981,POL,DE
259,ASP,CA,73.606,69.993,10.925,1982,POL,DE
259,ASP,C,73.553,69.561,9.467,1983,POL,DE
259,ASP,O,73.463,70.389,8.556,1984,POL,DE
259,ASP,CB,72.777,71.274,11.123,1985,POL,DE
259,ASP,CG,72.643,71.674,12.593,1986,POL,DE
259,ASP,OD1,72.33,70.798,13.434,1987,POL,DE
259,ASP,OD2,72.842,72.87,12.904,1988,POL,DE
260,ALA,N,73.64,68.251,9.26,1989,POL,A
260,ALA,CA,73.588,67.665,7.932,1990,POL,A
260,ALA,C,72.593,66.511,7.998,1991,POL,A
260,ALA,O,71.795,66.305,7.081,1992,POL,A
260,ALA,CB,74.964,67.16,7.528,1993,POL,A
261,GLU,N,72.639,65.773,9.103,1994,POL,DE
261,GLU,CA,71.744,64.636,9.32,1995,POL,DE
261,GLU,C,71.777,63.636,8.162,1996,POL,DE
261,GLU,O,70.756,63.07,7.782,1997,POL,DE
261,GLU,CB,70.311,65.135,9.55,1998,POL,DE
261,GLU,CG,70.144,66.005,10.81,1999,POL,DE
261,GLU,CD,70.217,65.207,12.115,2000,POL,DE
261,GLU,OE1,71.201,64.455,12.315,2001,POL,DE
261,GLU,OE2,69.286,65.344,12.943,2002,POL,DE
262,GLY,N,72.968,63.425,7.619,2003,GLY,G
262,GLY,CA,73.143,62.501,6.518,2004,GLY,G
262,GLY,C,74.433,62.81,5.782,2005,GLY,G
262,GLY,O,74.813,63.974,5.681,2006,GLY,G
263,PRO,N,75.143,61.788,5.279,2007,PRO,P
263,PRO,CA,74.76,60.374,5.394,2008,PRO,P
263,PRO,C,75.01,59.823,6.796,2009,PRO,P
263,PRO,O,75.859,60.33,7.524,2010,PRO,P
263,PRO,CB,75.634,59.696,4.34,2011,PRO,P
263,PRO,CG,76.883,60.541,4.356,2012,PRO,P
263,PRO,CD,76.313,61.945,4.395,2013,PRO,P
264,HIS,N,74.274,58.784,7.172,2014,HYP,H
264,HIS,CA,74.441,58.185,8.487,2015,HYP,H
264,HIS,C,74.329,56.66,8.444,2016,HYP,H
264,HIS,O,73.322,56.115,7.99,2017,HYP,H
264,HIS,CB,73.403,58.756,9.455,2018,HYP,H
264,HIS,CG,73.642,58.385,10.889,2019,HYP,H
264,HIS,ND1,74.782,58.754,11.574,2020,HYP,H
264,HIS,CD2,72.893,57.671,11.763,2021,HYP,H
264,HIS,CE1,74.725,58.282,12.806,2022,HYP,H
264,HIS,NE2,73.59,57.621,12.946,2023,HYP,H
265,GLY,N,75.372,55.981,8.922,2024,GLY,G
265,GLY,CA,75.385,54.527,8.939,2025,GLY,G
265,GLY,C,75.524,53.964,7.543,2026,GLY,G
265,GLY,O,75.118,52.832,7.258,2027,GLY,G
266,GLN,N,76.126,54.764,6.674,2028,POL,Q
266,GLN,CA,76.309,54.405,5.28,2029,POL,Q
266,GLN,C,77.712,53.928,4.96,2030,POL,Q
266,GLN,O,78.647,54.178,5.711,2031,POL,Q
266,GLN,CB,75.983,55.618,4.407,2032,POL,Q
266,GLN,CG,74.606,56.196,4.663,2033,POL,Q
266,GLN,CD,73.528,55.152,4.511,2034,POL,Q
266,GLN,OE1,73.371,54.561,3.444,2035,POL,Q
266,GLN,NE2,72.785,54.91,5.579,2036,POL,Q
267,PHE,N,77.84,53.225,3.84,2037,HYP,FY
267,PHE,CA,79.133,52.745,3.369,2038,HYP,FY
267,PHE,C,79.504,53.742,2.279,2039,HYP,FY
267,PHE,O,78.876,53.779,1.222,2040,HYP,FY
267,PHE,CB,79.021,51.345,2.764,2041,HYP,FY
267,PHE,CG,80.348,50.75,2.379,2042,HYP,FY
267,PHE,CD1,81.216,50.268,3.352,2043,HYP,FY
267,PHE,CD2,80.746,50.704,1.05,2044,HYP,FY
267,PHE,CE1,82.466,49.747,3.008,2045,HYP,FY
267,PHE,CE2,81.994,50.187,0.694,2046,HYP,FY
267,PHE,CZ,82.856,49.708,1.678,2047,HYP,FY
268,VAL,N,80.525,54.547,2.542,2048,HYP,IV
268,VAL,CA,80.945,55.576,1.609,2049,HYP,IV
268,VAL,C,82.256,55.297,0.88,2050,HYP,IV
268,VAL,O,83.269,55.001,1.505,2051,HYP,IV
268,VAL,CB,81.07,56.926,2.353,2052,HYP,IV
268,VAL,CG1,81.397,58.047,1.38,2053,HYP,IV
268,VAL,CG2,79.786,57.216,3.105,2054,HYP,IV
269,THR,N,82.219,55.395,-0.448,2055,POL,ST
269,THR,CA,83.4,55.213,-1.286,2056,POL,ST
269,THR,C,83.414,56.362,-2.288,2057,POL,ST
269,THR,O,82.433,56.584,-2.993,2058,POL,ST
269,THR,CB,83.377,53.898,-2.082,2059,POL,ST
269,THR,OG1,83.066,52.811,-1.209,2060,POL,ST
269,THR,CG2,84.746,53.637,-2.701,2061,POL,ST
270,ASP,N,84.525,57.091,-2.336,2062,POL,DE
270,ASP,CA,84.68,58.227,-3.238,2063,POL,DE
270,ASP,C,83.595,59.278,-3.053,2064,POL,DE
270,ASP,O,83.051,59.791,-4.028,2065,POL,DE
270,ASP,CB,84.691,57.749,-4.688,2066,POL,DE
270,ASP,CG,85.931,56.948,-5.024,2067,POL,DE
270,ASP,OD1,85.893,56.197,-6.023,2068,POL,DE
270,ASP,OD2,86.947,57.076,-4.299,2069,POL,DE
271,LYS,N,83.292,59.586,-1.795,2070,POL,RK
271,LYS,CA,82.286,60.581,-1.429,2071,POL,RK
271,LYS,C,80.842,60.215,-1.761,2072,POL,RK
271,LYS,O,79.933,61.006,-1.52,2073,POL,RK
271,LYS,CB,82.625,61.935,-2.056,2074,POL,RK
271,LYS,CG,83.872,62.585,-1.483,2075,POL,RK
271,LYS,CD,84.138,63.925,-2.142,2076,POL,RK
271,LYS,CE,85.36,64.604,-1.545,2077,POL,RK
271,LYS,NZ,86.594,63.784,-1.689,2078,POL,RK
272,LYS,N,80.629,59.024,-2.311,2079,POL,RK
272,LYS,CA,79.28,58.57,-2.642,2080,POL,RK
272,LYS,C,78.902,57.368,-1.79,2081,POL,RK
272,LYS,O,79.718,56.47,-1.57,2082,POL,RK
272,LYS,CB,79.18,58.177,-4.12,2083,POL,RK
272,LYS,CG,79.099,59.344,-5.087,2084,POL,RK
272,LYS,CD,78.802,58.848,-6.503,2085,POL,RK
272,LYS,CE,78.475,60.002,-7.453,2086,POL,RK
272,LYS,NZ,78.17,59.526,-8.836,2087,POL,RK
273,VAL,N,77.669,57.348,-1.297,2088,HYP,IV
273,VAL,CA,77.234,56.218,-0.495,2089,HYP,IV
273,VAL,C,77.018,55.062,-1.461,2090,HYP,IV
273,VAL,O,76.76,55.273,-2.646,2091,HYP,IV
273,VAL,CB,75.923,56.513,0.26,2092,HYP,IV
273,VAL,CG1,76.033,57.843,0.982,2093,HYP,IV
273,VAL,CG2,74.751,56.506,-0.699,2094,HYP,IV
274,VAL,N,77.134,53.844,-0.952,2095,HYP,IV
274,VAL,CA,76.97,52.651,-1.766,2096,HYP,IV
274,VAL,C,76.138,51.641,-0.995,2097,HYP,IV
274,VAL,O,76.479,51.291,0.132,2098,HYP,IV
274,VAL,CB,78.335,52.013,-2.079,2099,HYP,IV
274,VAL,CG1,78.148,50.811,-2.979,2100,HYP,IV
274,VAL,CG2,79.249,53.03,-2.724,2101,HYP,IV
275,GLU,N,75.048,51.174,-1.593,2102,POL,DE
275,GLU,CA,74.208,50.196,-0.921,2103,POL,DE
275,GLU,C,75.09,49.078,-0.394,2104,POL,DE
275,GLU,O,75.92,48.533,-1.12,2105,POL,DE
275,GLU,CB,73.175,49.593,-1.877,2106,POL,DE
275,GLU,CG,72.029,50.507,-2.278,2107,POL,DE
275,GLU,CD,71.047,49.814,-3.226,2108,POL,DE
275,GLU,OE1,70.38,48.841,-2.792,2109,POL,DE
275,GLU,OE2,70.949,50.236,-4.406,2110,POL,DE
276,TRP,N,74.911,48.753,0.879,2111,HYP,W
276,TRP,CA,75.671,47.687,1.509,2112,HYP,W
276,TRP,C,75.54,46.42,0.658,2113,HYP,W
276,TRP,O,74.435,46.051,0.248,2114,HYP,W
276,TRP,CB,75.116,47.431,2.913,2115,HYP,W
276,TRP,CG,75.831,46.361,3.696,2116,HYP,W
276,TRP,CD1,75.271,45.495,4.593,2117,HYP,W
276,TRP,CD2,77.239,46.077,3.689,2118,HYP,W
276,TRP,NE1,76.238,44.692,5.145,2119,HYP,W
276,TRP,CE2,77.455,45.026,4.61,2120,HYP,W
276,TRP,CE3,78.34,46.608,2.996,2121,HYP,W
276,TRP,CZ2,78.732,44.495,4.857,2122,HYP,W
276,TRP,CZ3,79.607,46.079,3.242,2123,HYP,W
276,TRP,CH2,79.789,45.033,4.165,2124,HYP,W
277,GLY,N,76.67,45.771,0.383,2125,GLY,G
277,GLY,CA,76.654,44.55,-0.406,2126,GLY,G
277,GLY,C,76.871,44.718,-1.901,2127,GLY,G
277,GLY,O,77.416,43.827,-2.558,2128,GLY,G
278,VAL,N,76.443,45.852,-2.448,2129,HYP,IV
278,VAL,CA,76.596,46.105,-3.878,2130,HYP,IV
278,VAL,C,78.064,46.194,-4.285,2131,HYP,IV
278,VAL,O,78.798,47.069,-3.825,2132,HYP,IV
278,VAL,CB,75.886,47.41,-4.294,2133,HYP,IV
278,VAL,CG1,76.06,47.644,-5.786,2134,HYP,IV
278,VAL,CG2,74.411,47.333,-3.932,2135,HYP,IV
279,PRO,N,78.51,45.279,-5.156,2136,PRO,P
279,PRO,CA,79.892,45.237,-5.641,2137,PRO,P
279,PRO,C,80.354,46.549,-6.279,2138,PRO,P
279,PRO,O,79.54,47.349,-6.741,2139,PRO,P
279,PRO,CB,79.865,44.091,-6.648,2140,PRO,P
279,PRO,CG,78.836,43.181,-6.08,2141,PRO,P
279,PRO,CD,77.742,44.14,-5.684,2142,PRO,P
280,PRO,N,81.675,46.785,-6.303,2143,PRO,P
280,PRO,CA,82.27,47.995,-6.883,2144,PRO,P
280,PRO,C,82.023,48.084,-8.391,2145,PRO,P
280,PRO,O,82.231,47.116,-9.124,2146,PRO,P
280,PRO,CB,83.751,47.843,-6.549,2147,PRO,P
280,PRO,CG,83.728,47.047,-5.279,2148,PRO,P
280,PRO,CD,82.696,45.999,-5.59,2149,PRO,P
281,GLU,N,81.588,49.259,-8.838,2150,POL,DE
281,GLU,CA,81.283,49.512,-10.242,2151,POL,DE
281,GLU,C,82.398,49.149,-11.214,2152,POL,DE
281,GLU,O,82.161,48.452,-12.2,2153,POL,DE
281,GLU,CB,80.892,50.978,-10.421,2154,POL,DE
281,GLU,CG,79.58,51.335,-9.724,2155,POL,DE
281,GLU,CD,79.248,52.817,-9.798,2156,POL,DE
281,GLU,OE1,80.002,53.625,-9.21,2157,POL,DE
281,GLU,OE2,78.235,53.173,-10.444,2158,POL,DE
282,SER,N,83.61,49.618,-10.942,2159,POL,ST
282,SER,CA,84.742,49.326,-11.817,2160,POL,ST
282,SER,C,85.984,48.939,-11.022,2161,POL,ST
282,SER,O,85.9,48.572,-9.851,2162,POL,ST
282,SER,CB,85.06,50.546,-12.683,2163,POL,ST
282,SER,OG,85.479,51.643,-11.888,2164,POL,ST
283,TYR,N,87.136,49.017,-11.676,2165,HYP,FY
283,TYR,CA,88.408,48.702,-11.045,2166,HYP,FY
283,TYR,C,89.562,49.159,-11.94,2167,HYP,FY
283,TYR,O,89.486,49.075,-13.166,2168,HYP,FY
283,TYR,CB,88.501,47.199,-10.727,2169,HYP,FY
283,TYR,CG,88.337,46.279,-11.911,2170,HYP,FY
283,TYR,CD1,89.411,45.996,-12.756,2171,HYP,FY
283,TYR,CD2,87.097,45.711,-12.207,2172,HYP,FY
283,TYR,CE1,89.255,45.172,-13.872,2173,HYP,FY
283,TYR,CE2,86.928,44.886,-13.321,2174,HYP,FY
283,TYR,CZ,88.009,44.623,-14.15,2175,HYP,FY
283,TYR,OH,87.84,43.83,-15.265,2176,HYP,FY
284,PRO,N,90.645,49.661,-11.326,2177,PRO,P
284,PRO,CA,91.847,50.159,-12.004,2178,PRO,P
284,PRO,C,92.45,49.268,-13.084,2179,PRO,P
284,PRO,O,92.333,48.041,-13.049,2180,PRO,P
284,PRO,CB,92.819,50.406,-10.847,2181,PRO,P
284,PRO,CG,92.368,49.428,-9.804,2182,PRO,P
284,PRO,CD,90.874,49.581,-9.873,2183,PRO,P
285,TRP,N,93.098,49.911,-14.049,2184,HYP,W
285,TRP,CA,93.737,49.206,-15.148,2185,HYP,W
285,TRP,C,94.74,48.238,-14.536,2186,HYP,W
285,TRP,O,95.603,48.638,-13.756,2187,HYP,W
285,TRP,CB,94.454,50.205,-16.06,2188,HYP,W
285,TRP,CG,94.914,49.632,-17.367,2189,HYP,W
285,TRP,CD1,96.175,49.689,-17.889,2190,HYP,W
285,TRP,CD2,94.108,48.959,-18.339,2191,HYP,W
285,TRP,NE1,96.204,49.096,-19.129,2192,HYP,W
285,TRP,CE2,94.948,48.64,-19.43,2193,HYP,W
285,TRP,CE3,92.758,48.594,-18.396,2194,HYP,W
285,TRP,CZ2,94.481,47.972,-20.568,2195,HYP,W
285,TRP,CZ3,92.292,47.929,-19.53,2196,HYP,W
285,TRP,CH2,93.155,47.626,-20.601,2197,HYP,W
286,VAL,N,94.622,46.965,-14.888,2198,HYP,IV
286,VAL,CA,95.521,45.96,-14.347,2199,HYP,IV
286,VAL,C,96.894,45.993,-15.001,2200,HYP,IV
286,VAL,O,97.02,45.909,-16.224,2201,HYP,IV
286,VAL,CB,94.938,44.543,-14.503,2202,HYP,IV
286,VAL,CG1,95.789,43.555,-13.738,2203,HYP,IV
286,VAL,CG2,93.505,44.508,-14.008,2204,HYP,IV
287,ASN,N,97.92,46.128,-14.171,2205,POL,N
287,ASN,CA,99.295,46.144,-14.647,2206,POL,N
287,ASN,C,100.093,45.078,-13.896,2207,POL,N
287,ASN,O,100.845,45.379,-12.967,2208,POL,N
287,ASN,CB,99.925,47.528,-14.446,2209,POL,N
287,ASN,CG,99.391,48.561,-15.429,2210,POL,N
287,ASN,OD1,99.501,48.396,-16.651,2211,POL,N
287,ASN,ND2,98.81,49.634,-14.9,2212,POL,N
288,ALA,N,99.903,43.828,-14.311,2213,POL,A
288,ALA,CA,100.575,42.681,-13.711,2214,POL,A
288,ALA,C,102.057,42.657,-14.069,2215,POL,A
288,ALA,O,102.456,41.787,-14.875,2216,POL,A
288,ALA,CB,99.902,41.393,-14.171,2217,POL,A
288,ALA,OXT,102.797,43.514,-13.546,2218,POL,A
